index, id, x, y, type
0,2,667.2762299491292,317.57641888914907,source 
1,2,667.2762299491292,317.57641888914907,source 
2,2,667.2762299491292,317.57641888914907,source 
3,2,667.2762299491292,317.57641888914907,source 
4,2,667.2762299491292,317.57641888914907,source 
5,2,667.2762299491292,317.57641888914907,source 
6,2,667.2762299491292,317.57641888914907,source 
7,2,667.2762299491292,317.57641888914907,source 
8,2,667.2762299491292,317.57641888914907,source 
9,2,667.2762299491292,317.57641888914907,source 
10,2,667.2762299491292,317.57641888914907,source 
11,2,667.2762299491292,317.57641888914907,source 
12,2,667.2762299491292,317.57641888914907,source 
13,2,667.2762299491292,317.57641888914907,source 
14,2,667.2762299491292,317.57641888914907,source 
15,2,667.2762299491292,317.57641888914907,source 
16,2,667.2762299491292,317.57641888914907,source 
17,2,667.2762299491292,317.57641888914907,source 
18,2,667.2762299491292,317.57641888914907,source 
19,2,667.2762299491292,317.57641888914907,source 
20,2,667.2762299491292,317.57641888914907,source 
21,2,667.2762299491292,317.57641888914907,source 
22,2,667.2762299491292,317.57641888914907,source 
23,2,667.2762299491292,317.57641888914907,source 
24,3,557.2201379242777,192.32346855629623,source 
25,3,557.2201379242777,192.32346855629623,source 
26,3,557.2201379242777,192.32346855629623,source 
27,3,557.2201379242777,192.32346855629623,source 
28,3,557.2201379242777,192.32346855629623,source 
29,3,557.2201379242777,192.32346855629623,source 
30,3,557.2201379242777,192.32346855629623,source 
31,3,557.2201379242777,192.32346855629623,source 
32,3,557.2201379242777,192.32346855629623,source 
33,3,557.2201379242777,192.32346855629623,source 
34,3,557.2201379242777,192.32346855629623,source 
35,3,557.2201379242777,192.32346855629623,source 
36,3,557.2201379242777,192.32346855629623,source 
37,3,557.2201379242777,192.32346855629623,source 
38,3,557.2201379242777,192.32346855629623,source 
39,3,557.2201379242777,192.32346855629623,source 
40,3,557.2201379242777,192.32346855629623,source 
41,3,557.2201379242777,192.32346855629623,source 
42,3,557.2201379242777,192.32346855629623,source 
43,3,557.2201379242777,192.32346855629623,source 
44,3,557.2201379242777,192.32346855629623,source 
45,3,557.2201379242777,192.32346855629623,source 
46,3,557.2201379242777,192.32346855629623,source 
47,3,557.2201379242777,192.32346855629623,source 
48,3,557.2201379242777,192.32346855629623,source 
49,3,557.2201379242777,192.32346855629623,source 
50,3,557.2201379242777,192.32346855629623,source 
51,3,557.2201379242777,192.32346855629623,source 
52,3,557.2201379242777,192.32346855629623,source 
53,3,557.2201379242777,192.32346855629623,source 
54,3,557.2201379242777,192.32346855629623,source 
55,3,557.2201379242777,192.32346855629623,source 
56,3,557.2201379242777,192.32346855629623,source 
57,3,557.2201379242777,192.32346855629623,source 
58,3,557.2201379242777,192.32346855629623,source 
59,3,557.2201379242777,192.32346855629623,source 
60,3,557.2201379242777,192.32346855629623,source 
61,3,557.2201379242777,192.32346855629623,source 
62,3,557.2201379242777,192.32346855629623,source 
63,3,557.2201379242777,192.32346855629623,source 
64,3,557.2201379242777,192.32346855629623,source 
65,3,557.2201379242777,192.32346855629623,source 
66,3,557.2201379242777,192.32346855629623,source 
67,3,557.2201379242777,192.32346855629623,source 
68,3,557.2201379242777,192.32346855629623,source 
69,3,557.2201379242777,192.32346855629623,source 
70,3,557.2201379242777,192.32346855629623,source 
71,3,557.2201379242777,192.32346855629623,source 
72,3,557.2201379242777,192.32346855629623,source 
73,3,557.2201379242777,192.32346855629623,source 
74,3,557.2201379242777,192.32346855629623,source 
75,3,557.2201379242777,192.32346855629623,source 
76,3,557.2201379242777,192.32346855629623,source 
77,3,557.2201379242777,192.32346855629623,source 
78,3,557.2201379242777,192.32346855629623,source 
79,3,557.2201379242777,192.32346855629623,source 
80,4,658.6832003756872,360.0795230468247,source 
81,4,658.6832003756872,360.0795230468247,source 
82,4,658.6832003756872,360.0795230468247,source 
83,4,658.6832003756872,360.0795230468247,source 
84,4,658.6832003756872,360.0795230468247,source 
85,4,658.6832003756872,360.0795230468247,source 
86,4,658.6832003756872,360.0795230468247,source 
87,4,658.6832003756872,360.0795230468247,source 
88,4,658.6832003756872,360.0795230468247,source 
89,4,658.6832003756872,360.0795230468247,source 
90,4,658.6832003756872,360.0795230468247,source 
91,4,658.6832003756872,360.0795230468247,source 
92,4,658.6832003756872,360.0795230468247,source 
93,4,658.6832003756872,360.0795230468247,source 
94,4,658.6832003756872,360.0795230468247,source 
95,4,658.6832003756872,360.0795230468247,source 
96,4,658.6832003756872,360.0795230468247,source 
97,4,658.6832003756872,360.0795230468247,source 
98,4,658.6832003756872,360.0795230468247,source 
99,4,658.6832003756872,360.0795230468247,source 
100,4,658.6832003756872,360.0795230468247,source 
101,4,658.6832003756872,360.0795230468247,source 
102,4,658.6832003756872,360.0795230468247,source 
103,4,658.6832003756872,360.0795230468247,source 
104,4,658.6832003756872,360.0795230468247,source 
105,5,440.7306890992938,308.4820603340198,source 
106,5,440.7306890992938,308.4820603340198,source 
107,5,440.7306890992938,308.4820603340198,source 
108,5,440.7306890992938,308.4820603340198,source 
109,5,440.7306890992938,308.4820603340198,source 
110,5,440.7306890992938,308.4820603340198,source 
111,5,440.7306890992938,308.4820603340198,source 
112,5,440.7306890992938,308.4820603340198,source 
113,5,440.7306890992938,308.4820603340198,source 
114,5,440.7306890992938,308.4820603340198,source 
115,5,440.7306890992938,308.4820603340198,source 
116,5,440.7306890992938,308.4820603340198,source 
117,5,440.7306890992938,308.4820603340198,source 
118,5,440.7306890992938,308.4820603340198,source 
119,5,440.7306890992938,308.4820603340198,source 
120,5,440.7306890992938,308.4820603340198,source 
121,5,440.7306890992938,308.4820603340198,source 
122,5,440.7306890992938,308.4820603340198,source 
123,5,440.7306890992938,308.4820603340198,source 
124,5,440.7306890992938,308.4820603340198,source 
125,5,440.7306890992938,308.4820603340198,source 
126,5,440.7306890992938,308.4820603340198,source 
127,5,440.7306890992938,308.4820603340198,source 
128,5,440.7306890992938,308.4820603340198,source 
129,5,440.7306890992938,308.4820603340198,source 
130,5,440.7306890992938,308.4820603340198,source 
131,5,440.7306890992938,308.4820603340198,source 
132,5,440.7306890992938,308.4820603340198,source 
133,5,440.7306890992938,308.4820603340198,source 
134,5,440.7306890992938,308.4820603340198,source 
135,5,440.7306890992938,308.4820603340198,source 
136,5,440.7306890992938,308.4820603340198,source 
137,5,440.7306890992938,308.4820603340198,source 
138,5,440.7306890992938,308.4820603340198,source 
139,5,440.7306890992938,308.4820603340198,source 
140,5,440.7306890992938,308.4820603340198,source 
141,5,440.7306890992938,308.4820603340198,source 
142,5,440.7306890992938,308.4820603340198,source 
143,5,440.7306890992938,308.4820603340198,source 
144,5,440.7306890992938,308.4820603340198,source 
145,5,440.7306890992938,308.4820603340198,source 
146,5,440.7306890992938,308.4820603340198,source 
147,6,668.2148847446937,285.54999909768253,source 
148,6,668.2148847446937,285.54999909768253,source 
149,6,668.2148847446937,285.54999909768253,source 
150,6,668.2148847446937,285.54999909768253,source 
151,6,668.2148847446937,285.54999909768253,source 
152,6,668.2148847446937,285.54999909768253,source 
153,6,668.2148847446937,285.54999909768253,source 
154,6,668.2148847446937,285.54999909768253,source 
155,6,668.2148847446937,285.54999909768253,source 
156,6,668.2148847446937,285.54999909768253,source 
157,6,668.2148847446937,285.54999909768253,source 
158,6,668.2148847446937,285.54999909768253,source 
159,6,668.2148847446937,285.54999909768253,source 
160,6,668.2148847446937,285.54999909768253,source 
161,6,668.2148847446937,285.54999909768253,source 
162,6,668.2148847446937,285.54999909768253,source 
163,6,668.2148847446937,285.54999909768253,source 
164,6,668.2148847446937,285.54999909768253,source 
165,6,668.2148847446937,285.54999909768253,source 
166,7,505.58273900278317,366.61636559404667,source 
167,7,505.58273900278317,366.61636559404667,source 
168,7,505.58273900278317,366.61636559404667,source 
169,7,505.58273900278317,366.61636559404667,source 
170,7,505.58273900278317,366.61636559404667,source 
171,7,505.58273900278317,366.61636559404667,source 
172,7,505.58273900278317,366.61636559404667,source 
173,7,505.58273900278317,366.61636559404667,source 
174,7,505.58273900278317,366.61636559404667,source 
175,7,505.58273900278317,366.61636559404667,source 
176,7,505.58273900278317,366.61636559404667,source 
177,7,505.58273900278317,366.61636559404667,source 
178,7,505.58273900278317,366.61636559404667,source 
179,7,505.58273900278317,366.61636559404667,source 
180,7,505.58273900278317,366.61636559404667,source 
181,8,463.1854670431318,195.2433911985007,source 
182,8,463.1854670431318,195.2433911985007,source 
183,8,463.1854670431318,195.2433911985007,source 
184,8,463.1854670431318,195.2433911985007,source 
185,8,463.1854670431318,195.2433911985007,source 
186,8,463.1854670431318,195.2433911985007,source 
187,8,463.1854670431318,195.2433911985007,source 
188,8,463.1854670431318,195.2433911985007,source 
189,8,463.1854670431318,195.2433911985007,source 
190,8,463.1854670431318,195.2433911985007,source 
191,8,463.1854670431318,195.2433911985007,source 
192,8,463.1854670431318,195.2433911985007,source 
193,8,463.1854670431318,195.2433911985007,source 
194,8,463.1854670431318,195.2433911985007,source 
195,8,463.1854670431318,195.2433911985007,source 
196,8,463.1854670431318,195.2433911985007,source 
197,8,463.1854670431318,195.2433911985007,source 
198,8,463.1854670431318,195.2433911985007,source 
199,9,624.7299948335368,362.47443100457497,source 
200,9,624.7299948335368,362.47443100457497,source 
201,9,624.7299948335368,362.47443100457497,source 
202,9,624.7299948335368,362.47443100457497,source 
203,9,624.7299948335368,362.47443100457497,source 
204,9,624.7299948335368,362.47443100457497,source 
205,9,624.7299948335368,362.47443100457497,source 
206,9,624.7299948335368,362.47443100457497,source 
207,9,624.7299948335368,362.47443100457497,source 
208,9,624.7299948335368,362.47443100457497,source 
209,9,624.7299948335368,362.47443100457497,source 
210,9,624.7299948335368,362.47443100457497,source 
211,9,624.7299948335368,362.47443100457497,source 
212,9,624.7299948335368,362.47443100457497,source 
213,9,624.7299948335368,362.47443100457497,source 
214,9,624.7299948335368,362.47443100457497,source 
215,9,624.7299948335368,362.47443100457497,source 
216,9,624.7299948335368,362.47443100457497,source 
217,9,624.7299948335368,362.47443100457497,source 
218,9,624.7299948335368,362.47443100457497,source 
219,9,624.7299948335368,362.47443100457497,source 
220,9,624.7299948335368,362.47443100457497,source 
221,9,624.7299948335368,362.47443100457497,source 
222,9,624.7299948335368,362.47443100457497,source 
223,9,624.7299948335368,362.47443100457497,source 
224,9,624.7299948335368,362.47443100457497,source 
225,9,624.7299948335368,362.47443100457497,source 
226,9,624.7299948335368,362.47443100457497,source 
227,9,624.7299948335368,362.47443100457497,source 
228,9,624.7299948335368,362.47443100457497,source 
229,9,624.7299948335368,362.47443100457497,source 
230,9,624.7299948335368,362.47443100457497,source 
231,9,624.7299948335368,362.47443100457497,source 
232,9,624.7299948335368,362.47443100457497,source 
233,9,624.7299948335368,362.47443100457497,source 
234,9,624.7299948335368,362.47443100457497,source 
235,9,624.7299948335368,362.47443100457497,source 
236,9,624.7299948335368,362.47443100457497,source 
237,9,624.7299948335368,362.47443100457497,source 
238,9,624.7299948335368,362.47443100457497,source 
239,9,624.7299948335368,362.47443100457497,source 
240,9,624.7299948335368,362.47443100457497,source 
241,9,624.7299948335368,362.47443100457497,source 
242,10,414.6009718514061,276.6737977460679,source 
243,10,414.6009718514061,276.6737977460679,source 
244,10,414.6009718514061,276.6737977460679,source 
245,10,414.6009718514061,276.6737977460679,source 
246,10,414.6009718514061,276.6737977460679,source 
247,10,414.6009718514061,276.6737977460679,source 
248,10,414.6009718514061,276.6737977460679,source 
249,10,414.6009718514061,276.6737977460679,source 
250,10,414.6009718514061,276.6737977460679,source 
251,10,414.6009718514061,276.6737977460679,source 
252,10,414.6009718514061,276.6737977460679,source 
253,10,414.6009718514061,276.6737977460679,source 
254,10,414.6009718514061,276.6737977460679,source 
255,10,414.6009718514061,276.6737977460679,source 
256,10,414.6009718514061,276.6737977460679,source 
257,10,414.6009718514061,276.6737977460679,source 
258,10,414.6009718514061,276.6737977460679,source 
259,10,414.6009718514061,276.6737977460679,source 
260,10,414.6009718514061,276.6737977460679,source 
261,10,414.6009718514061,276.6737977460679,source 
262,10,414.6009718514061,276.6737977460679,source 
263,10,414.6009718514061,276.6737977460679,source 
264,10,414.6009718514061,276.6737977460679,source 
265,10,414.6009718514061,276.6737977460679,source 
266,10,414.6009718514061,276.6737977460679,source 
267,10,414.6009718514061,276.6737977460679,source 
268,10,414.6009718514061,276.6737977460679,source 
269,10,414.6009718514061,276.6737977460679,source 
270,10,414.6009718514061,276.6737977460679,source 
271,11,647.5436734336283,244.46598155634723,source 
272,11,647.5436734336283,244.46598155634723,source 
273,11,647.5436734336283,244.46598155634723,source 
274,11,647.5436734336283,244.46598155634723,source 
275,11,647.5436734336283,244.46598155634723,source 
276,11,647.5436734336283,244.46598155634723,source 
277,11,647.5436734336283,244.46598155634723,source 
278,11,647.5436734336283,244.46598155634723,source 
279,11,647.5436734336283,244.46598155634723,source 
280,11,647.5436734336283,244.46598155634723,source 
281,11,647.5436734336283,244.46598155634723,source 
282,11,647.5436734336283,244.46598155634723,source 
283,11,647.5436734336283,244.46598155634723,source 
284,11,647.5436734336283,244.46598155634723,source 
285,11,647.5436734336283,244.46598155634723,source 
286,11,647.5436734336283,244.46598155634723,source 
287,11,647.5436734336283,244.46598155634723,source 
288,12,470.16302398635247,408.4926427843645,source 
289,12,470.16302398635247,408.4926427843645,source 
290,12,470.16302398635247,408.4926427843645,source 
291,12,470.16302398635247,408.4926427843645,source 
292,12,470.16302398635247,408.4926427843645,source 
293,12,470.16302398635247,408.4926427843645,source 
294,12,470.16302398635247,408.4926427843645,source 
295,12,470.16302398635247,408.4926427843645,source 
296,12,470.16302398635247,408.4926427843645,source 
297,12,470.16302398635247,408.4926427843645,source 
298,12,470.16302398635247,408.4926427843645,source 
299,12,470.16302398635247,408.4926427843645,source 
300,12,470.16302398635247,408.4926427843645,source 
301,12,470.16302398635247,408.4926427843645,source 
302,12,470.16302398635247,408.4926427843645,source 
303,12,470.16302398635247,408.4926427843645,source 
304,12,470.16302398635247,408.4926427843645,source 
305,12,470.16302398635247,408.4926427843645,source 
306,12,470.16302398635247,408.4926427843645,source 
307,12,470.16302398635247,408.4926427843645,source 
308,12,470.16302398635247,408.4926427843645,source 
309,12,470.16302398635247,408.4926427843645,source 
310,12,470.16302398635247,408.4926427843645,source 
311,12,470.16302398635247,408.4926427843645,source 
312,12,470.16302398635247,408.4926427843645,source 
313,12,470.16302398635247,408.4926427843645,source 
314,12,470.16302398635247,408.4926427843645,source 
315,12,470.16302398635247,408.4926427843645,source 
316,12,470.16302398635247,408.4926427843645,source 
317,12,470.16302398635247,408.4926427843645,source 
318,12,470.16302398635247,408.4926427843645,source 
319,12,470.16302398635247,408.4926427843645,source 
320,13,447.8624152766731,217.88789731484297,source 
321,13,447.8624152766731,217.88789731484297,source 
322,13,447.8624152766731,217.88789731484297,source 
323,13,447.8624152766731,217.88789731484297,source 
324,13,447.8624152766731,217.88789731484297,source 
325,13,447.8624152766731,217.88789731484297,source 
326,13,447.8624152766731,217.88789731484297,source 
327,13,447.8624152766731,217.88789731484297,source 
328,13,447.8624152766731,217.88789731484297,source 
329,13,447.8624152766731,217.88789731484297,source 
330,13,447.8624152766731,217.88789731484297,source 
331,13,447.8624152766731,217.88789731484297,source 
332,13,447.8624152766731,217.88789731484297,source 
333,13,447.8624152766731,217.88789731484297,source 
334,13,447.8624152766731,217.88789731484297,source 
335,13,447.8624152766731,217.88789731484297,source 
336,13,447.8624152766731,217.88789731484297,source 
337,15,444.9998090238761,391.78407119159397,source 
338,15,444.9998090238761,391.78407119159397,source 
339,15,444.9998090238761,391.78407119159397,source 
340,15,444.9998090238761,391.78407119159397,source 
341,15,444.9998090238761,391.78407119159397,source 
342,15,444.9998090238761,391.78407119159397,source 
343,15,444.9998090238761,391.78407119159397,source 
344,15,444.9998090238761,391.78407119159397,source 
345,15,444.9998090238761,391.78407119159397,source 
346,15,444.9998090238761,391.78407119159397,source 
347,15,444.9998090238761,391.78407119159397,source 
348,15,444.9998090238761,391.78407119159397,source 
349,15,444.9998090238761,391.78407119159397,source 
350,15,444.9998090238761,391.78407119159397,source 
351,15,444.9998090238761,391.78407119159397,source 
352,15,444.9998090238761,391.78407119159397,source 
353,15,444.9998090238761,391.78407119159397,source 
354,15,444.9998090238761,391.78407119159397,source 
355,15,444.9998090238761,391.78407119159397,source 
356,15,444.9998090238761,391.78407119159397,source 
357,15,444.9998090238761,391.78407119159397,source 
358,15,444.9998090238761,391.78407119159397,source 
359,15,444.9998090238761,391.78407119159397,source 
360,15,444.9998090238761,391.78407119159397,source 
361,15,444.9998090238761,391.78407119159397,source 
362,15,444.9998090238761,391.78407119159397,source 
363,15,444.9998090238761,391.78407119159397,source 
364,15,444.9998090238761,391.78407119159397,source 
365,15,444.9998090238761,391.78407119159397,source 
366,15,444.9998090238761,391.78407119159397,source 
367,15,444.9998090238761,391.78407119159397,source 
368,16,412.8349007475406,244.14127459956066,source 
369,16,412.8349007475406,244.14127459956066,source 
370,16,412.8349007475406,244.14127459956066,source 
371,16,412.8349007475406,244.14127459956066,source 
372,16,412.8349007475406,244.14127459956066,source 
373,16,412.8349007475406,244.14127459956066,source 
374,16,412.8349007475406,244.14127459956066,source 
375,16,412.8349007475406,244.14127459956066,source 
376,16,412.8349007475406,244.14127459956066,source 
377,16,412.8349007475406,244.14127459956066,source 
378,16,412.8349007475406,244.14127459956066,source 
379,16,412.8349007475406,244.14127459956066,source 
380,16,412.8349007475406,244.14127459956066,source 
381,16,412.8349007475406,244.14127459956066,source 
382,16,412.8349007475406,244.14127459956066,source 
383,16,412.8349007475406,244.14127459956066,source 
384,16,412.8349007475406,244.14127459956066,source 
385,16,412.8349007475406,244.14127459956066,source 
386,16,412.8349007475406,244.14127459956066,source 
387,16,412.8349007475406,244.14127459956066,source 
388,16,412.8349007475406,244.14127459956066,source 
389,16,412.8349007475406,244.14127459956066,source 
390,16,412.8349007475406,244.14127459956066,source 
391,16,412.8349007475406,244.14127459956066,source 
392,16,412.8349007475406,244.14127459956066,source 
393,16,412.8349007475406,244.14127459956066,source 
394,16,412.8349007475406,244.14127459956066,source 
395,16,412.8349007475406,244.14127459956066,source 
396,16,412.8349007475406,244.14127459956066,source 
397,16,412.8349007475406,244.14127459956066,source 
398,16,412.8349007475406,244.14127459956066,source 
399,17,592.1702234582355,401.97731338495566,source 
400,17,592.1702234582355,401.97731338495566,source 
401,17,592.1702234582355,401.97731338495566,source 
402,17,592.1702234582355,401.97731338495566,source 
403,17,592.1702234582355,401.97731338495566,source 
404,17,592.1702234582355,401.97731338495566,source 
405,17,592.1702234582355,401.97731338495566,source 
406,17,592.1702234582355,401.97731338495566,source 
407,17,592.1702234582355,401.97731338495566,source 
408,17,592.1702234582355,401.97731338495566,source 
409,17,592.1702234582355,401.97731338495566,source 
410,17,592.1702234582355,401.97731338495566,source 
411,17,592.1702234582355,401.97731338495566,source 
412,17,592.1702234582355,401.97731338495566,source 
413,17,592.1702234582355,401.97731338495566,source 
414,17,592.1702234582355,401.97731338495566,source 
415,17,592.1702234582355,401.97731338495566,source 
416,17,592.1702234582355,401.97731338495566,source 
417,17,592.1702234582355,401.97731338495566,source 
418,17,592.1702234582355,401.97731338495566,source 
419,17,592.1702234582355,401.97731338495566,source 
420,17,592.1702234582355,401.97731338495566,source 
421,17,592.1702234582355,401.97731338495566,source 
422,17,592.1702234582355,401.97731338495566,source 
423,17,592.1702234582355,401.97731338495566,source 
424,17,592.1702234582355,401.97731338495566,source 
425,17,592.1702234582355,401.97731338495566,source 
426,17,592.1702234582355,401.97731338495566,source 
427,17,592.1702234582355,401.97731338495566,source 
428,17,592.1702234582355,401.97731338495566,source 
429,17,592.1702234582355,401.97731338495566,source 
430,17,592.1702234582355,401.97731338495566,source 
431,17,592.1702234582355,401.97731338495566,source 
432,17,592.1702234582355,401.97731338495566,source 
433,17,592.1702234582355,401.97731338495566,source 
434,17,592.1702234582355,401.97731338495566,source 
435,17,592.1702234582355,401.97731338495566,source 
436,17,592.1702234582355,401.97731338495566,source 
437,18,423.4746255352619,405.87435903251225,source 
438,18,423.4746255352619,405.87435903251225,source 
439,18,423.4746255352619,405.87435903251225,source 
440,18,423.4746255352619,405.87435903251225,source 
441,18,423.4746255352619,405.87435903251225,source 
442,18,423.4746255352619,405.87435903251225,source 
443,18,423.4746255352619,405.87435903251225,source 
444,18,423.4746255352619,405.87435903251225,source 
445,18,423.4746255352619,405.87435903251225,source 
446,18,423.4746255352619,405.87435903251225,source 
447,18,423.4746255352619,405.87435903251225,source 
448,18,423.4746255352619,405.87435903251225,source 
449,18,423.4746255352619,405.87435903251225,source 
450,18,423.4746255352619,405.87435903251225,source 
451,18,423.4746255352619,405.87435903251225,source 
452,18,423.4746255352619,405.87435903251225,source 
453,18,423.4746255352619,405.87435903251225,source 
454,18,423.4746255352619,405.87435903251225,source 
455,18,423.4746255352619,405.87435903251225,source 
456,18,423.4746255352619,405.87435903251225,source 
457,18,423.4746255352619,405.87435903251225,source 
458,18,423.4746255352619,405.87435903251225,source 
459,18,423.4746255352619,405.87435903251225,source 
460,18,423.4746255352619,405.87435903251225,source 
461,18,423.4746255352619,405.87435903251225,source 
462,18,423.4746255352619,405.87435903251225,source 
463,18,423.4746255352619,405.87435903251225,source 
464,18,423.4746255352619,405.87435903251225,source 
465,18,423.4746255352619,405.87435903251225,source 
466,18,423.4746255352619,405.87435903251225,source 
467,18,423.4746255352619,405.87435903251225,source 
468,18,423.4746255352619,405.87435903251225,source 
469,18,423.4746255352619,405.87435903251225,source 
470,18,423.4746255352619,405.87435903251225,source 
471,18,423.4746255352619,405.87435903251225,source 
472,18,423.4746255352619,405.87435903251225,source 
473,18,423.4746255352619,405.87435903251225,source 
474,19,618.2848899661818,406.88400831804984,source 
475,19,618.2848899661818,406.88400831804984,source 
476,19,618.2848899661818,406.88400831804984,source 
477,19,618.2848899661818,406.88400831804984,source 
478,19,618.2848899661818,406.88400831804984,source 
479,19,618.2848899661818,406.88400831804984,source 
480,19,618.2848899661818,406.88400831804984,source 
481,19,618.2848899661818,406.88400831804984,source 
482,19,618.2848899661818,406.88400831804984,source 
483,19,618.2848899661818,406.88400831804984,source 
484,19,618.2848899661818,406.88400831804984,source 
485,19,618.2848899661818,406.88400831804984,source 
486,19,618.2848899661818,406.88400831804984,source 
487,19,618.2848899661818,406.88400831804984,source 
488,19,618.2848899661818,406.88400831804984,source 
489,19,618.2848899661818,406.88400831804984,source 
490,19,618.2848899661818,406.88400831804984,source 
491,19,618.2848899661818,406.88400831804984,source 
492,19,618.2848899661818,406.88400831804984,source 
493,19,618.2848899661818,406.88400831804984,source 
494,19,618.2848899661818,406.88400831804984,source 
495,19,618.2848899661818,406.88400831804984,source 
496,19,618.2848899661818,406.88400831804984,source 
497,19,618.2848899661818,406.88400831804984,source 
498,19,618.2848899661818,406.88400831804984,source 
499,19,618.2848899661818,406.88400831804984,source 
500,19,618.2848899661818,406.88400831804984,source 
501,19,618.2848899661818,406.88400831804984,source 
502,19,618.2848899661818,406.88400831804984,source 
503,19,618.2848899661818,406.88400831804984,source 
504,19,618.2848899661818,406.88400831804984,source 
505,19,618.2848899661818,406.88400831804984,source 
506,19,618.2848899661818,406.88400831804984,source 
507,19,618.2848899661818,406.88400831804984,source 
508,19,618.2848899661818,406.88400831804984,source 
509,19,618.2848899661818,406.88400831804984,source 
510,19,618.2848899661818,406.88400831804984,source 
511,19,618.2848899661818,406.88400831804984,source 
512,19,618.2848899661818,406.88400831804984,source 
513,19,618.2848899661818,406.88400831804984,source 
514,20,542.8112010441943,364.1271273213937,source 
515,20,542.8112010441943,364.1271273213937,source 
516,20,542.8112010441943,364.1271273213937,source 
517,20,542.8112010441943,364.1271273213937,source 
518,20,542.8112010441943,364.1271273213937,source 
519,20,542.8112010441943,364.1271273213937,source 
520,20,542.8112010441943,364.1271273213937,source 
521,20,542.8112010441943,364.1271273213937,source 
522,20,542.8112010441943,364.1271273213937,source 
523,20,542.8112010441943,364.1271273213937,source 
524,20,542.8112010441943,364.1271273213937,source 
525,20,542.8112010441943,364.1271273213937,source 
526,20,542.8112010441943,364.1271273213937,source 
527,20,542.8112010441943,364.1271273213937,source 
528,21,389.60892343801663,284.21232125345085,source 
529,21,389.60892343801663,284.21232125345085,source 
530,21,389.60892343801663,284.21232125345085,source 
531,21,389.60892343801663,284.21232125345085,source 
532,21,389.60892343801663,284.21232125345085,source 
533,21,389.60892343801663,284.21232125345085,source 
534,21,389.60892343801663,284.21232125345085,source 
535,21,389.60892343801663,284.21232125345085,source 
536,21,389.60892343801663,284.21232125345085,source 
537,21,389.60892343801663,284.21232125345085,source 
538,21,389.60892343801663,284.21232125345085,source 
539,21,389.60892343801663,284.21232125345085,source 
540,21,389.60892343801663,284.21232125345085,source 
541,21,389.60892343801663,284.21232125345085,source 
542,21,389.60892343801663,284.21232125345085,source 
543,21,389.60892343801663,284.21232125345085,source 
544,21,389.60892343801663,284.21232125345085,source 
545,21,389.60892343801663,284.21232125345085,source 
546,21,389.60892343801663,284.21232125345085,source 
547,21,389.60892343801663,284.21232125345085,source 
548,21,389.60892343801663,284.21232125345085,source 
549,21,389.60892343801663,284.21232125345085,source 
550,21,389.60892343801663,284.21232125345085,source 
551,21,389.60892343801663,284.21232125345085,source 
552,21,389.60892343801663,284.21232125345085,source 
553,21,389.60892343801663,284.21232125345085,source 
554,21,389.60892343801663,284.21232125345085,source 
555,21,389.60892343801663,284.21232125345085,source 
556,21,389.60892343801663,284.21232125345085,source 
557,21,389.60892343801663,284.21232125345085,source 
558,22,596.0171410311787,362.3504705286852,source 
559,22,596.0171410311787,362.3504705286852,source 
560,22,596.0171410311787,362.3504705286852,source 
561,22,596.0171410311787,362.3504705286852,source 
562,22,596.0171410311787,362.3504705286852,source 
563,22,596.0171410311787,362.3504705286852,source 
564,22,596.0171410311787,362.3504705286852,source 
565,22,596.0171410311787,362.3504705286852,source 
566,22,596.0171410311787,362.3504705286852,source 
567,22,596.0171410311787,362.3504705286852,source 
568,22,596.0171410311787,362.3504705286852,source 
569,22,596.0171410311787,362.3504705286852,source 
570,22,596.0171410311787,362.3504705286852,source 
571,22,596.0171410311787,362.3504705286852,source 
572,22,596.0171410311787,362.3504705286852,source 
573,23,463.8104058881904,437.4691755537535,source 
574,23,463.8104058881904,437.4691755537535,source 
575,23,463.8104058881904,437.4691755537535,source 
576,23,463.8104058881904,437.4691755537535,source 
577,23,463.8104058881904,437.4691755537535,source 
578,23,463.8104058881904,437.4691755537535,source 
579,23,463.8104058881904,437.4691755537535,source 
580,23,463.8104058881904,437.4691755537535,source 
581,23,463.8104058881904,437.4691755537535,source 
582,23,463.8104058881904,437.4691755537535,source 
583,23,463.8104058881904,437.4691755537535,source 
584,23,463.8104058881904,437.4691755537535,source 
585,23,463.8104058881904,437.4691755537535,source 
586,23,463.8104058881904,437.4691755537535,source 
587,23,463.8104058881904,437.4691755537535,source 
588,23,463.8104058881904,437.4691755537535,source 
589,23,463.8104058881904,437.4691755537535,source 
590,23,463.8104058881904,437.4691755537535,source 
591,23,463.8104058881904,437.4691755537535,source 
592,23,463.8104058881904,437.4691755537535,source 
593,23,463.8104058881904,437.4691755537535,source 
594,23,463.8104058881904,437.4691755537535,source 
595,23,463.8104058881904,437.4691755537535,source 
596,23,463.8104058881904,437.4691755537535,source 
597,23,463.8104058881904,437.4691755537535,source 
598,23,463.8104058881904,437.4691755537535,source 
599,23,463.8104058881904,437.4691755537535,source 
600,23,463.8104058881904,437.4691755537535,source 
601,23,463.8104058881904,437.4691755537535,source 
602,23,463.8104058881904,437.4691755537535,source 
603,23,463.8104058881904,437.4691755537535,source 
604,23,463.8104058881904,437.4691755537535,source 
605,23,463.8104058881904,437.4691755537535,source 
606,23,463.8104058881904,437.4691755537535,source 
607,23,463.8104058881904,437.4691755537535,source 
608,23,463.8104058881904,437.4691755537535,source 
609,23,463.8104058881904,437.4691755537535,source 
610,23,463.8104058881904,437.4691755537535,source 
611,23,463.8104058881904,437.4691755537535,source 
612,24,588.5345276248345,224.05945071920257,source 
613,24,588.5345276248345,224.05945071920257,source 
614,24,588.5345276248345,224.05945071920257,source 
615,24,588.5345276248345,224.05945071920257,source 
616,24,588.5345276248345,224.05945071920257,source 
617,24,588.5345276248345,224.05945071920257,source 
618,24,588.5345276248345,224.05945071920257,source 
619,24,588.5345276248345,224.05945071920257,source 
620,24,588.5345276248345,224.05945071920257,source 
621,24,588.5345276248345,224.05945071920257,source 
622,24,588.5345276248345,224.05945071920257,source 
623,24,588.5345276248345,224.05945071920257,source 
624,24,588.5345276248345,224.05945071920257,source 
625,24,588.5345276248345,224.05945071920257,source 
626,24,588.5345276248345,224.05945071920257,source 
627,24,588.5345276248345,224.05945071920257,source 
628,24,588.5345276248345,224.05945071920257,source 
629,24,588.5345276248345,224.05945071920257,source 
630,24,588.5345276248345,224.05945071920257,source 
631,24,588.5345276248345,224.05945071920257,source 
632,24,588.5345276248345,224.05945071920257,source 
633,25,487.2551544257771,450.5180794747778,source 
634,25,487.2551544257771,450.5180794747778,source 
635,25,487.2551544257771,450.5180794747778,source 
636,25,487.2551544257771,450.5180794747778,source 
637,25,487.2551544257771,450.5180794747778,source 
638,25,487.2551544257771,450.5180794747778,source 
639,25,487.2551544257771,450.5180794747778,source 
640,25,487.2551544257771,450.5180794747778,source 
641,25,487.2551544257771,450.5180794747778,source 
642,25,487.2551544257771,450.5180794747778,source 
643,25,487.2551544257771,450.5180794747778,source 
644,25,487.2551544257771,450.5180794747778,source 
645,25,487.2551544257771,450.5180794747778,source 
646,25,487.2551544257771,450.5180794747778,source 
647,25,487.2551544257771,450.5180794747778,source 
648,25,487.2551544257771,450.5180794747778,source 
649,25,487.2551544257771,450.5180794747778,source 
650,25,487.2551544257771,450.5180794747778,source 
651,25,487.2551544257771,450.5180794747778,source 
652,25,487.2551544257771,450.5180794747778,source 
653,25,487.2551544257771,450.5180794747778,source 
654,25,487.2551544257771,450.5180794747778,source 
655,25,487.2551544257771,450.5180794747778,source 
656,25,487.2551544257771,450.5180794747778,source 
657,25,487.2551544257771,450.5180794747778,source 
658,25,487.2551544257771,450.5180794747778,source 
659,25,487.2551544257771,450.5180794747778,source 
660,25,487.2551544257771,450.5180794747778,source 
661,25,487.2551544257771,450.5180794747778,source 
662,25,487.2551544257771,450.5180794747778,source 
663,25,487.2551544257771,450.5180794747778,source 
664,25,487.2551544257771,450.5180794747778,source 
665,25,487.2551544257771,450.5180794747778,source 
666,25,487.2551544257771,450.5180794747778,source 
667,25,487.2551544257771,450.5180794747778,source 
668,25,487.2551544257771,450.5180794747778,source 
669,25,487.2551544257771,450.5180794747778,source 
670,25,487.2551544257771,450.5180794747778,source 
671,25,487.2551544257771,450.5180794747778,source 
0,1,462.8240214455054,321.7450678070005, target 
1,2,667.2762299491292,317.57641888914907, target 
2,3,557.2201379242777,192.32346855629623, target 
3,4,658.6832003756872,360.0795230468247, target 
4,5,440.7306890992938,308.4820603340198, target 
5,6,668.2148847446937,285.54999909768253, target 
6,7,505.58273900278317,366.61636559404667, target 
7,8,463.1854670431318,195.2433911985007, target 
8,9,624.7299948335368,362.47443100457497, target 
9,10,414.6009718514061,276.6737977460679, target 
10,11,647.5436734336283,244.46598155634723, target 
11,12,470.16302398635247,408.4926427843645, target 
12,13,447.8624152766731,217.88789731484297, target 
13,14,618.0220755914271,325.14781444447885, target 
14,15,444.9998090238761,391.78407119159397, target 
15,16,412.8349007475406,244.14127459956066, target 
16,17,592.1702234582355,401.97731338495566, target 
17,18,423.4746255352619,405.87435903251225, target 
18,19,618.2848899661818,406.88400831804984, target 
19,20,542.8112010441943,364.1271273213937, target 
20,21,389.60892343801663,284.21232125345085, target 
21,22,596.0171410311787,362.3504705286852, target 
22,23,463.8104058881904,437.4691755537535, target 
23,24,588.5345276248345,224.05945071920257, target 
24,1,462.8240214455054,321.7450678070005, target 
25,2,667.2762299491292,317.57641888914907, target 
26,3,557.2201379242777,192.32346855629623, target 
27,4,658.6832003756872,360.0795230468247, target 
28,5,440.7306890992938,308.4820603340198, target 
29,6,668.2148847446937,285.54999909768253, target 
30,7,505.58273900278317,366.61636559404667, target 
31,8,463.1854670431318,195.2433911985007, target 
32,9,624.7299948335368,362.47443100457497, target 
33,10,414.6009718514061,276.6737977460679, target 
34,11,647.5436734336283,244.46598155634723, target 
35,12,470.16302398635247,408.4926427843645, target 
36,13,447.8624152766731,217.88789731484297, target 
37,14,618.0220755914271,325.14781444447885, target 
38,15,444.9998090238761,391.78407119159397, target 
39,16,412.8349007475406,244.14127459956066, target 
40,17,592.1702234582355,401.97731338495566, target 
41,18,423.4746255352619,405.87435903251225, target 
42,19,618.2848899661818,406.88400831804984, target 
43,20,542.8112010441943,364.1271273213937, target 
44,21,389.60892343801663,284.21232125345085, target 
45,22,596.0171410311787,362.3504705286852, target 
46,23,463.8104058881904,437.4691755537535, target 
47,24,588.5345276248345,224.05945071920257, target 
48,25,487.2551544257771,450.5180794747778, target 
49,26,399.87009563121217,365.6448972205402, target 
50,27,422.473416667097,373.53591458876963, target 
51,28,419.68814887119146,353.15738257666715, target 
52,29,404.4305225336202,340.09661578307146, target 
53,30,450.6462564793715,366.6530435613292, target 
54,31,480.12453948609595,391.12070019318367, target 
55,32,517.9952543463528,450.8454398769694, target 
56,33,543.987842139779,440.16502308060967, target 
57,34,524.2199547883155,404.76238955934815, target 
58,35,546.8004256720795,414.5847623999503, target 
59,36,524.1529925579948,424.4216910574698, target 
60,37,561.4726337673036,433.93250944275974, target 
61,38,587.1876034469146,427.7865946639131, target 
62,39,562.3478784009424,389.4462282077542, target 
63,40,635.6029105321879,286.6095208580293, target 
64,41,608.8507380217845,230.73989917243853, target 
65,42,523.631629577463,208.98878225739895, target 
66,43,672.5491683692054,227.89903863050628, target 
67,44,542.119655490769,109.71020250168326, target 
68,45,579.7124439859747,117.67987819224115, target 
69,46,613.1344883637425,126.48229795379078, target 
70,47,560.3442244699129,106.12152673490303, target 
71,48,598.8723858043963,112.69311970182812, target 
72,49,538.8365792637575,88.15980252161481, target 
73,50,580.6288060770905,98.93236308609377, target 
74,51,626.9256096462984,116.55264746590453, target 
75,52,556.6915586100903,84.5926622983718, target 
76,53,596.8133217168789,88.09008569044721, target 
77,54,523.8810206071929,101.77185862977578, target 
78,55,575.296818844004,81.11680326046809, target 
79,56,613.8464455563997,98.88530230664344, target 
80,1,462.8240214455054,321.7450678070005, target 
81,2,667.2762299491292,317.57641888914907, target 
82,3,557.2201379242777,192.32346855629623, target 
83,4,658.6832003756872,360.0795230468247, target 
84,5,440.7306890992938,308.4820603340198, target 
85,6,668.2148847446937,285.54999909768253, target 
86,7,505.58273900278317,366.61636559404667, target 
87,8,463.1854670431318,195.2433911985007, target 
88,9,624.7299948335368,362.47443100457497, target 
89,10,414.6009718514061,276.6737977460679, target 
90,11,647.5436734336283,244.46598155634723, target 
91,12,470.16302398635247,408.4926427843645, target 
92,13,447.8624152766731,217.88789731484297, target 
93,14,618.0220755914271,325.14781444447885, target 
94,15,444.9998090238761,391.78407119159397, target 
95,16,412.8349007475406,244.14127459956066, target 
96,17,592.1702234582355,401.97731338495566, target 
97,18,423.4746255352619,405.87435903251225, target 
98,19,618.2848899661818,406.88400831804984, target 
99,20,542.8112010441943,364.1271273213937, target 
100,21,389.60892343801663,284.21232125345085, target 
101,22,596.0171410311787,362.3504705286852, target 
102,23,463.8104058881904,437.4691755537535, target 
103,24,588.5345276248345,224.05945071920257, target 
104,25,487.2551544257771,450.5180794747778, target 
105,1,462.8240214455054,321.7450678070005, target 
106,2,667.2762299491292,317.57641888914907, target 
107,3,557.2201379242777,192.32346855629623, target 
108,4,658.6832003756872,360.0795230468247, target 
109,5,440.7306890992938,308.4820603340198, target 
110,6,668.2148847446937,285.54999909768253, target 
111,7,505.58273900278317,366.61636559404667, target 
112,8,463.1854670431318,195.2433911985007, target 
113,9,624.7299948335368,362.47443100457497, target 
114,10,414.6009718514061,276.6737977460679, target 
115,11,647.5436734336283,244.46598155634723, target 
116,12,470.16302398635247,408.4926427843645, target 
117,13,447.8624152766731,217.88789731484297, target 
118,14,618.0220755914271,325.14781444447885, target 
119,15,444.9998090238761,391.78407119159397, target 
120,16,412.8349007475406,244.14127459956066, target 
121,17,592.1702234582355,401.97731338495566, target 
122,18,423.4746255352619,405.87435903251225, target 
123,19,618.2848899661818,406.88400831804984, target 
124,20,542.8112010441943,364.1271273213937, target 
125,21,389.60892343801663,284.21232125345085, target 
126,22,596.0171410311787,362.3504705286852, target 
127,23,463.8104058881904,437.4691755537535, target 
128,24,588.5345276248345,224.05945071920257, target 
129,25,487.2551544257771,450.5180794747778, target 
130,26,399.87009563121217,365.6448972205402, target 
131,27,422.473416667097,373.53591458876963, target 
132,28,419.68814887119146,353.15738257666715, target 
133,29,404.4305225336202,340.09661578307146, target 
134,30,450.6462564793715,366.6530435613292, target 
135,31,480.12453948609595,391.12070019318367, target 
136,32,517.9952543463528,450.8454398769694, target 
137,33,543.987842139779,440.16502308060967, target 
138,34,524.2199547883155,404.76238955934815, target 
139,35,546.8004256720795,414.5847623999503, target 
140,36,524.1529925579948,424.4216910574698, target 
141,37,561.4726337673036,433.93250944275974, target 
142,38,587.1876034469146,427.7865946639131, target 
143,39,562.3478784009424,389.4462282077542, target 
144,40,635.6029105321879,286.6095208580293, target 
145,41,608.8507380217845,230.73989917243853, target 
146,42,523.631629577463,208.98878225739895, target 
147,1,462.8240214455054,321.7450678070005, target 
148,2,667.2762299491292,317.57641888914907, target 
149,3,557.2201379242777,192.32346855629623, target 
150,4,658.6832003756872,360.0795230468247, target 
151,5,440.7306890992938,308.4820603340198, target 
152,6,668.2148847446937,285.54999909768253, target 
153,7,505.58273900278317,366.61636559404667, target 
154,8,463.1854670431318,195.2433911985007, target 
155,9,624.7299948335368,362.47443100457497, target 
156,10,414.6009718514061,276.6737977460679, target 
157,11,647.5436734336283,244.46598155634723, target 
158,12,470.16302398635247,408.4926427843645, target 
159,13,447.8624152766731,217.88789731484297, target 
160,14,618.0220755914271,325.14781444447885, target 
161,15,444.9998090238761,391.78407119159397, target 
162,16,412.8349007475406,244.14127459956066, target 
163,17,592.1702234582355,401.97731338495566, target 
164,18,423.4746255352619,405.87435903251225, target 
165,19,618.2848899661818,406.88400831804984, target 
166,1,462.8240214455054,321.7450678070005, target 
167,2,667.2762299491292,317.57641888914907, target 
168,3,557.2201379242777,192.32346855629623, target 
169,4,658.6832003756872,360.0795230468247, target 
170,5,440.7306890992938,308.4820603340198, target 
171,6,668.2148847446937,285.54999909768253, target 
172,7,505.58273900278317,366.61636559404667, target 
173,8,463.1854670431318,195.2433911985007, target 
174,9,624.7299948335368,362.47443100457497, target 
175,10,414.6009718514061,276.6737977460679, target 
176,11,647.5436734336283,244.46598155634723, target 
177,12,470.16302398635247,408.4926427843645, target 
178,13,447.8624152766731,217.88789731484297, target 
179,14,618.0220755914271,325.14781444447885, target 
180,15,444.9998090238761,391.78407119159397, target 
181,1,462.8240214455054,321.7450678070005, target 
182,2,667.2762299491292,317.57641888914907, target 
183,3,557.2201379242777,192.32346855629623, target 
184,4,658.6832003756872,360.0795230468247, target 
185,5,440.7306890992938,308.4820603340198, target 
186,6,668.2148847446937,285.54999909768253, target 
187,7,505.58273900278317,366.61636559404667, target 
188,8,463.1854670431318,195.2433911985007, target 
189,9,624.7299948335368,362.47443100457497, target 
190,10,414.6009718514061,276.6737977460679, target 
191,11,647.5436734336283,244.46598155634723, target 
192,12,470.16302398635247,408.4926427843645, target 
193,13,447.8624152766731,217.88789731484297, target 
194,14,618.0220755914271,325.14781444447885, target 
195,15,444.9998090238761,391.78407119159397, target 
196,16,412.8349007475406,244.14127459956066, target 
197,17,592.1702234582355,401.97731338495566, target 
198,18,423.4746255352619,405.87435903251225, target 
199,1,462.8240214455054,321.7450678070005, target 
200,2,667.2762299491292,317.57641888914907, target 
201,3,557.2201379242777,192.32346855629623, target 
202,4,658.6832003756872,360.0795230468247, target 
203,5,440.7306890992938,308.4820603340198, target 
204,6,668.2148847446937,285.54999909768253, target 
205,7,505.58273900278317,366.61636559404667, target 
206,8,463.1854670431318,195.2433911985007, target 
207,9,624.7299948335368,362.47443100457497, target 
208,10,414.6009718514061,276.6737977460679, target 
209,11,647.5436734336283,244.46598155634723, target 
210,12,470.16302398635247,408.4926427843645, target 
211,13,447.8624152766731,217.88789731484297, target 
212,14,618.0220755914271,325.14781444447885, target 
213,15,444.9998090238761,391.78407119159397, target 
214,16,412.8349007475406,244.14127459956066, target 
215,17,592.1702234582355,401.97731338495566, target 
216,18,423.4746255352619,405.87435903251225, target 
217,19,618.2848899661818,406.88400831804984, target 
218,20,542.8112010441943,364.1271273213937, target 
219,21,389.60892343801663,284.21232125345085, target 
220,22,596.0171410311787,362.3504705286852, target 
221,23,463.8104058881904,437.4691755537535, target 
222,24,588.5345276248345,224.05945071920257, target 
223,25,487.2551544257771,450.5180794747778, target 
224,26,399.87009563121217,365.6448972205402, target 
225,27,422.473416667097,373.53591458876963, target 
226,28,419.68814887119146,353.15738257666715, target 
227,29,404.4305225336202,340.09661578307146, target 
228,30,450.6462564793715,366.6530435613292, target 
229,31,480.12453948609595,391.12070019318367, target 
230,32,517.9952543463528,450.8454398769694, target 
231,33,543.987842139779,440.16502308060967, target 
232,34,524.2199547883155,404.76238955934815, target 
233,35,546.8004256720795,414.5847623999503, target 
234,36,524.1529925579948,424.4216910574698, target 
235,37,561.4726337673036,433.93250944275974, target 
236,38,587.1876034469146,427.7865946639131, target 
237,39,562.3478784009424,389.4462282077542, target 
238,40,635.6029105321879,286.6095208580293, target 
239,41,608.8507380217845,230.73989917243853, target 
240,42,523.631629577463,208.98878225739895, target 
241,43,672.5491683692054,227.89903863050628, target 
242,1,462.8240214455054,321.7450678070005, target 
243,2,667.2762299491292,317.57641888914907, target 
244,3,557.2201379242777,192.32346855629623, target 
245,4,658.6832003756872,360.0795230468247, target 
246,5,440.7306890992938,308.4820603340198, target 
247,6,668.2148847446937,285.54999909768253, target 
248,7,505.58273900278317,366.61636559404667, target 
249,8,463.1854670431318,195.2433911985007, target 
250,9,624.7299948335368,362.47443100457497, target 
251,10,414.6009718514061,276.6737977460679, target 
252,11,647.5436734336283,244.46598155634723, target 
253,12,470.16302398635247,408.4926427843645, target 
254,13,447.8624152766731,217.88789731484297, target 
255,14,618.0220755914271,325.14781444447885, target 
256,15,444.9998090238761,391.78407119159397, target 
257,16,412.8349007475406,244.14127459956066, target 
258,17,592.1702234582355,401.97731338495566, target 
259,18,423.4746255352619,405.87435903251225, target 
260,19,618.2848899661818,406.88400831804984, target 
261,20,542.8112010441943,364.1271273213937, target 
262,21,389.60892343801663,284.21232125345085, target 
263,22,596.0171410311787,362.3504705286852, target 
264,23,463.8104058881904,437.4691755537535, target 
265,24,588.5345276248345,224.05945071920257, target 
266,25,487.2551544257771,450.5180794747778, target 
267,26,399.87009563121217,365.6448972205402, target 
268,27,422.473416667097,373.53591458876963, target 
269,28,419.68814887119146,353.15738257666715, target 
270,29,404.4305225336202,340.09661578307146, target 
271,1,462.8240214455054,321.7450678070005, target 
272,2,667.2762299491292,317.57641888914907, target 
273,3,557.2201379242777,192.32346855629623, target 
274,4,658.6832003756872,360.0795230468247, target 
275,5,440.7306890992938,308.4820603340198, target 
276,6,668.2148847446937,285.54999909768253, target 
277,7,505.58273900278317,366.61636559404667, target 
278,8,463.1854670431318,195.2433911985007, target 
279,9,624.7299948335368,362.47443100457497, target 
280,10,414.6009718514061,276.6737977460679, target 
281,11,647.5436734336283,244.46598155634723, target 
282,12,470.16302398635247,408.4926427843645, target 
283,13,447.8624152766731,217.88789731484297, target 
284,14,618.0220755914271,325.14781444447885, target 
285,15,444.9998090238761,391.78407119159397, target 
286,16,412.8349007475406,244.14127459956066, target 
287,17,592.1702234582355,401.97731338495566, target 
288,1,462.8240214455054,321.7450678070005, target 
289,2,667.2762299491292,317.57641888914907, target 
290,3,557.2201379242777,192.32346855629623, target 
291,4,658.6832003756872,360.0795230468247, target 
292,5,440.7306890992938,308.4820603340198, target 
293,6,668.2148847446937,285.54999909768253, target 
294,7,505.58273900278317,366.61636559404667, target 
295,8,463.1854670431318,195.2433911985007, target 
296,9,624.7299948335368,362.47443100457497, target 
297,10,414.6009718514061,276.6737977460679, target 
298,11,647.5436734336283,244.46598155634723, target 
299,12,470.16302398635247,408.4926427843645, target 
300,13,447.8624152766731,217.88789731484297, target 
301,14,618.0220755914271,325.14781444447885, target 
302,15,444.9998090238761,391.78407119159397, target 
303,16,412.8349007475406,244.14127459956066, target 
304,17,592.1702234582355,401.97731338495566, target 
305,18,423.4746255352619,405.87435903251225, target 
306,19,618.2848899661818,406.88400831804984, target 
307,20,542.8112010441943,364.1271273213937, target 
308,21,389.60892343801663,284.21232125345085, target 
309,22,596.0171410311787,362.3504705286852, target 
310,23,463.8104058881904,437.4691755537535, target 
311,24,588.5345276248345,224.05945071920257, target 
312,25,487.2551544257771,450.5180794747778, target 
313,26,399.87009563121217,365.6448972205402, target 
314,27,422.473416667097,373.53591458876963, target 
315,28,419.68814887119146,353.15738257666715, target 
316,29,404.4305225336202,340.09661578307146, target 
317,30,450.6462564793715,366.6530435613292, target 
318,31,480.12453948609595,391.12070019318367, target 
319,32,517.9952543463528,450.8454398769694, target 
320,1,462.8240214455054,321.7450678070005, target 
321,2,667.2762299491292,317.57641888914907, target 
322,3,557.2201379242777,192.32346855629623, target 
323,4,658.6832003756872,360.0795230468247, target 
324,5,440.7306890992938,308.4820603340198, target 
325,6,668.2148847446937,285.54999909768253, target 
326,7,505.58273900278317,366.61636559404667, target 
327,8,463.1854670431318,195.2433911985007, target 
328,9,624.7299948335368,362.47443100457497, target 
329,10,414.6009718514061,276.6737977460679, target 
330,11,647.5436734336283,244.46598155634723, target 
331,12,470.16302398635247,408.4926427843645, target 
332,13,447.8624152766731,217.88789731484297, target 
333,14,618.0220755914271,325.14781444447885, target 
334,15,444.9998090238761,391.78407119159397, target 
335,16,412.8349007475406,244.14127459956066, target 
336,17,592.1702234582355,401.97731338495566, target 
337,1,462.8240214455054,321.7450678070005, target 
338,2,667.2762299491292,317.57641888914907, target 
339,3,557.2201379242777,192.32346855629623, target 
340,4,658.6832003756872,360.0795230468247, target 
341,5,440.7306890992938,308.4820603340198, target 
342,6,668.2148847446937,285.54999909768253, target 
343,7,505.58273900278317,366.61636559404667, target 
344,8,463.1854670431318,195.2433911985007, target 
345,9,624.7299948335368,362.47443100457497, target 
346,10,414.6009718514061,276.6737977460679, target 
347,11,647.5436734336283,244.46598155634723, target 
348,12,470.16302398635247,408.4926427843645, target 
349,13,447.8624152766731,217.88789731484297, target 
350,14,618.0220755914271,325.14781444447885, target 
351,15,444.9998090238761,391.78407119159397, target 
352,16,412.8349007475406,244.14127459956066, target 
353,17,592.1702234582355,401.97731338495566, target 
354,18,423.4746255352619,405.87435903251225, target 
355,19,618.2848899661818,406.88400831804984, target 
356,20,542.8112010441943,364.1271273213937, target 
357,21,389.60892343801663,284.21232125345085, target 
358,22,596.0171410311787,362.3504705286852, target 
359,24,588.5345276248345,224.05945071920257, target 
360,25,487.2551544257771,450.5180794747778, target 
361,26,399.87009563121217,365.6448972205402, target 
362,27,422.473416667097,373.53591458876963, target 
363,28,419.68814887119146,353.15738257666715, target 
364,29,404.4305225336202,340.09661578307146, target 
365,30,450.6462564793715,366.6530435613292, target 
366,31,480.12453948609595,391.12070019318367, target 
367,32,517.9952543463528,450.8454398769694, target 
368,1,462.8240214455054,321.7450678070005, target 
369,2,667.2762299491292,317.57641888914907, target 
370,3,557.2201379242777,192.32346855629623, target 
371,4,658.6832003756872,360.0795230468247, target 
372,5,440.7306890992938,308.4820603340198, target 
373,6,668.2148847446937,285.54999909768253, target 
374,7,505.58273900278317,366.61636559404667, target 
375,8,463.1854670431318,195.2433911985007, target 
376,9,624.7299948335368,362.47443100457497, target 
377,10,414.6009718514061,276.6737977460679, target 
378,11,647.5436734336283,244.46598155634723, target 
379,12,470.16302398635247,408.4926427843645, target 
380,13,447.8624152766731,217.88789731484297, target 
381,14,618.0220755914271,325.14781444447885, target 
382,15,444.9998090238761,391.78407119159397, target 
383,16,412.8349007475406,244.14127459956066, target 
384,17,592.1702234582355,401.97731338495566, target 
385,18,423.4746255352619,405.87435903251225, target 
386,19,618.2848899661818,406.88400831804984, target 
387,20,542.8112010441943,364.1271273213937, target 
388,21,389.60892343801663,284.21232125345085, target 
389,22,596.0171410311787,362.3504705286852, target 
390,23,463.8104058881904,437.4691755537535, target 
391,24,588.5345276248345,224.05945071920257, target 
392,25,487.2551544257771,450.5180794747778, target 
393,26,399.87009563121217,365.6448972205402, target 
394,27,422.473416667097,373.53591458876963, target 
395,28,419.68814887119146,353.15738257666715, target 
396,29,404.4305225336202,340.09661578307146, target 
397,30,450.6462564793715,366.6530435613292, target 
398,31,480.12453948609595,391.12070019318367, target 
399,1,462.8240214455054,321.7450678070005, target 
400,2,667.2762299491292,317.57641888914907, target 
401,3,557.2201379242777,192.32346855629623, target 
402,4,658.6832003756872,360.0795230468247, target 
403,5,440.7306890992938,308.4820603340198, target 
404,6,668.2148847446937,285.54999909768253, target 
405,7,505.58273900278317,366.61636559404667, target 
406,8,463.1854670431318,195.2433911985007, target 
407,9,624.7299948335368,362.47443100457497, target 
408,10,414.6009718514061,276.6737977460679, target 
409,11,647.5436734336283,244.46598155634723, target 
410,12,470.16302398635247,408.4926427843645, target 
411,13,447.8624152766731,217.88789731484297, target 
412,14,618.0220755914271,325.14781444447885, target 
413,15,444.9998090238761,391.78407119159397, target 
414,16,412.8349007475406,244.14127459956066, target 
415,17,592.1702234582355,401.97731338495566, target 
416,18,423.4746255352619,405.87435903251225, target 
417,19,618.2848899661818,406.88400831804984, target 
418,20,542.8112010441943,364.1271273213937, target 
419,21,389.60892343801663,284.21232125345085, target 
420,22,596.0171410311787,362.3504705286852, target 
421,23,463.8104058881904,437.4691755537535, target 
422,24,588.5345276248345,224.05945071920257, target 
423,25,487.2551544257771,450.5180794747778, target 
424,26,399.87009563121217,365.6448972205402, target 
425,27,422.473416667097,373.53591458876963, target 
426,28,419.68814887119146,353.15738257666715, target 
427,29,404.4305225336202,340.09661578307146, target 
428,30,450.6462564793715,366.6530435613292, target 
429,31,480.12453948609595,391.12070019318367, target 
430,32,517.9952543463528,450.8454398769694, target 
431,33,543.987842139779,440.16502308060967, target 
432,34,524.2199547883155,404.76238955934815, target 
433,35,546.8004256720795,414.5847623999503, target 
434,36,524.1529925579948,424.4216910574698, target 
435,37,561.4726337673036,433.93250944275974, target 
436,38,587.1876034469146,427.7865946639131, target 
437,1,462.8240214455054,321.7450678070005, target 
438,2,667.2762299491292,317.57641888914907, target 
439,3,557.2201379242777,192.32346855629623, target 
440,4,658.6832003756872,360.0795230468247, target 
441,5,440.7306890992938,308.4820603340198, target 
442,6,668.2148847446937,285.54999909768253, target 
443,7,505.58273900278317,366.61636559404667, target 
444,8,463.1854670431318,195.2433911985007, target 
445,9,624.7299948335368,362.47443100457497, target 
446,10,414.6009718514061,276.6737977460679, target 
447,11,647.5436734336283,244.46598155634723, target 
448,12,470.16302398635247,408.4926427843645, target 
449,13,447.8624152766731,217.88789731484297, target 
450,14,618.0220755914271,325.14781444447885, target 
451,15,444.9998090238761,391.78407119159397, target 
452,16,412.8349007475406,244.14127459956066, target 
453,17,592.1702234582355,401.97731338495566, target 
454,18,423.4746255352619,405.87435903251225, target 
455,19,618.2848899661818,406.88400831804984, target 
456,20,542.8112010441943,364.1271273213937, target 
457,21,389.60892343801663,284.21232125345085, target 
458,22,596.0171410311787,362.3504705286852, target 
459,23,463.8104058881904,437.4691755537535, target 
460,24,588.5345276248345,224.05945071920257, target 
461,25,487.2551544257771,450.5180794747778, target 
462,26,399.87009563121217,365.6448972205402, target 
463,27,422.473416667097,373.53591458876963, target 
464,28,419.68814887119146,353.15738257666715, target 
465,29,404.4305225336202,340.09661578307146, target 
466,30,450.6462564793715,366.6530435613292, target 
467,31,480.12453948609595,391.12070019318367, target 
468,32,517.9952543463528,450.8454398769694, target 
469,33,543.987842139779,440.16502308060967, target 
470,34,524.2199547883155,404.76238955934815, target 
471,35,546.8004256720795,414.5847623999503, target 
472,36,524.1529925579948,424.4216910574698, target 
473,37,561.4726337673036,433.93250944275974, target 
474,1,462.8240214455054,321.7450678070005, target 
475,2,667.2762299491292,317.57641888914907, target 
476,3,557.2201379242777,192.32346855629623, target 
477,4,658.6832003756872,360.0795230468247, target 
478,5,440.7306890992938,308.4820603340198, target 
479,6,668.2148847446937,285.54999909768253, target 
480,7,505.58273900278317,366.61636559404667, target 
481,8,463.1854670431318,195.2433911985007, target 
482,9,624.7299948335368,362.47443100457497, target 
483,10,414.6009718514061,276.6737977460679, target 
484,11,647.5436734336283,244.46598155634723, target 
485,12,470.16302398635247,408.4926427843645, target 
486,13,447.8624152766731,217.88789731484297, target 
487,14,618.0220755914271,325.14781444447885, target 
488,15,444.9998090238761,391.78407119159397, target 
489,16,412.8349007475406,244.14127459956066, target 
490,17,592.1702234582355,401.97731338495566, target 
491,18,423.4746255352619,405.87435903251225, target 
492,19,618.2848899661818,406.88400831804984, target 
493,20,542.8112010441943,364.1271273213937, target 
494,21,389.60892343801663,284.21232125345085, target 
495,22,596.0171410311787,362.3504705286852, target 
496,23,463.8104058881904,437.4691755537535, target 
497,24,588.5345276248345,224.05945071920257, target 
498,25,487.2551544257771,450.5180794747778, target 
499,26,399.87009563121217,365.6448972205402, target 
500,27,422.473416667097,373.53591458876963, target 
501,28,419.68814887119146,353.15738257666715, target 
502,29,404.4305225336202,340.09661578307146, target 
503,30,450.6462564793715,366.6530435613292, target 
504,31,480.12453948609595,391.12070019318367, target 
505,32,517.9952543463528,450.8454398769694, target 
506,33,543.987842139779,440.16502308060967, target 
507,34,524.2199547883155,404.76238955934815, target 
508,35,546.8004256720795,414.5847623999503, target 
509,36,524.1529925579948,424.4216910574698, target 
510,37,561.4726337673036,433.93250944275974, target 
511,38,587.1876034469146,427.7865946639131, target 
512,39,562.3478784009424,389.4462282077542, target 
513,40,635.6029105321879,286.6095208580293, target 
514,1,462.8240214455054,321.7450678070005, target 
515,2,667.2762299491292,317.57641888914907, target 
516,3,557.2201379242777,192.32346855629623, target 
517,4,658.6832003756872,360.0795230468247, target 
518,5,440.7306890992938,308.4820603340198, target 
519,6,668.2148847446937,285.54999909768253, target 
520,7,505.58273900278317,366.61636559404667, target 
521,8,463.1854670431318,195.2433911985007, target 
522,9,624.7299948335368,362.47443100457497, target 
523,10,414.6009718514061,276.6737977460679, target 
524,11,647.5436734336283,244.46598155634723, target 
525,12,470.16302398635247,408.4926427843645, target 
526,13,447.8624152766731,217.88789731484297, target 
527,14,618.0220755914271,325.14781444447885, target 
528,1,462.8240214455054,321.7450678070005, target 
529,2,667.2762299491292,317.57641888914907, target 
530,3,557.2201379242777,192.32346855629623, target 
531,4,658.6832003756872,360.0795230468247, target 
532,5,440.7306890992938,308.4820603340198, target 
533,6,668.2148847446937,285.54999909768253, target 
534,7,505.58273900278317,366.61636559404667, target 
535,8,463.1854670431318,195.2433911985007, target 
536,9,624.7299948335368,362.47443100457497, target 
537,10,414.6009718514061,276.6737977460679, target 
538,11,647.5436734336283,244.46598155634723, target 
539,12,470.16302398635247,408.4926427843645, target 
540,13,447.8624152766731,217.88789731484297, target 
541,14,618.0220755914271,325.14781444447885, target 
542,15,444.9998090238761,391.78407119159397, target 
543,16,412.8349007475406,244.14127459956066, target 
544,17,592.1702234582355,401.97731338495566, target 
545,18,423.4746255352619,405.87435903251225, target 
546,19,618.2848899661818,406.88400831804984, target 
547,20,542.8112010441943,364.1271273213937, target 
548,21,389.60892343801663,284.21232125345085, target 
549,22,596.0171410311787,362.3504705286852, target 
550,23,463.8104058881904,437.4691755537535, target 
551,24,588.5345276248345,224.05945071920257, target 
552,25,487.2551544257771,450.5180794747778, target 
553,26,399.87009563121217,365.6448972205402, target 
554,27,422.473416667097,373.53591458876963, target 
555,28,419.68814887119146,353.15738257666715, target 
556,29,404.4305225336202,340.09661578307146, target 
557,30,450.6462564793715,366.6530435613292, target 
558,1,462.8240214455054,321.7450678070005, target 
559,2,667.2762299491292,317.57641888914907, target 
560,3,557.2201379242777,192.32346855629623, target 
561,4,658.6832003756872,360.0795230468247, target 
562,5,440.7306890992938,308.4820603340198, target 
563,6,668.2148847446937,285.54999909768253, target 
564,7,505.58273900278317,366.61636559404667, target 
565,8,463.1854670431318,195.2433911985007, target 
566,9,624.7299948335368,362.47443100457497, target 
567,10,414.6009718514061,276.6737977460679, target 
568,11,647.5436734336283,244.46598155634723, target 
569,12,470.16302398635247,408.4926427843645, target 
570,13,447.8624152766731,217.88789731484297, target 
571,14,618.0220755914271,325.14781444447885, target 
572,15,444.9998090238761,391.78407119159397, target 
573,1,462.8240214455054,321.7450678070005, target 
574,2,667.2762299491292,317.57641888914907, target 
575,3,557.2201379242777,192.32346855629623, target 
576,4,658.6832003756872,360.0795230468247, target 
577,5,440.7306890992938,308.4820603340198, target 
578,6,668.2148847446937,285.54999909768253, target 
579,7,505.58273900278317,366.61636559404667, target 
580,8,463.1854670431318,195.2433911985007, target 
581,9,624.7299948335368,362.47443100457497, target 
582,10,414.6009718514061,276.6737977460679, target 
583,11,647.5436734336283,244.46598155634723, target 
584,12,470.16302398635247,408.4926427843645, target 
585,13,447.8624152766731,217.88789731484297, target 
586,14,618.0220755914271,325.14781444447885, target 
587,15,444.9998090238761,391.78407119159397, target 
588,16,412.8349007475406,244.14127459956066, target 
589,17,592.1702234582355,401.97731338495566, target 
590,18,423.4746255352619,405.87435903251225, target 
591,19,618.2848899661818,406.88400831804984, target 
592,20,542.8112010441943,364.1271273213937, target 
593,21,389.60892343801663,284.21232125345085, target 
594,22,596.0171410311787,362.3504705286852, target 
595,23,463.8104058881904,437.4691755537535, target 
596,24,588.5345276248345,224.05945071920257, target 
597,25,487.2551544257771,450.5180794747778, target 
598,26,399.87009563121217,365.6448972205402, target 
599,27,422.473416667097,373.53591458876963, target 
600,28,419.68814887119146,353.15738257666715, target 
601,29,404.4305225336202,340.09661578307146, target 
602,30,450.6462564793715,366.6530435613292, target 
603,31,480.12453948609595,391.12070019318367, target 
604,32,517.9952543463528,450.8454398769694, target 
605,33,543.987842139779,440.16502308060967, target 
606,34,524.2199547883155,404.76238955934815, target 
607,35,546.8004256720795,414.5847623999503, target 
608,36,524.1529925579948,424.4216910574698, target 
609,37,561.4726337673036,433.93250944275974, target 
610,38,587.1876034469146,427.7865946639131, target 
611,39,562.3478784009424,389.4462282077542, target 
612,1,462.8240214455054,321.7450678070005, target 
613,2,667.2762299491292,317.57641888914907, target 
614,3,557.2201379242777,192.32346855629623, target 
615,4,658.6832003756872,360.0795230468247, target 
616,5,440.7306890992938,308.4820603340198, target 
617,6,668.2148847446937,285.54999909768253, target 
618,7,505.58273900278317,366.61636559404667, target 
619,8,463.1854670431318,195.2433911985007, target 
620,9,624.7299948335368,362.47443100457497, target 
621,10,414.6009718514061,276.6737977460679, target 
622,11,647.5436734336283,244.46598155634723, target 
623,12,470.16302398635247,408.4926427843645, target 
624,13,447.8624152766731,217.88789731484297, target 
625,14,618.0220755914271,325.14781444447885, target 
626,15,444.9998090238761,391.78407119159397, target 
627,16,412.8349007475406,244.14127459956066, target 
628,17,592.1702234582355,401.97731338495566, target 
629,18,423.4746255352619,405.87435903251225, target 
630,19,618.2848899661818,406.88400831804984, target 
631,20,542.8112010441943,364.1271273213937, target 
632,21,389.60892343801663,284.21232125345085, target 
633,1,462.8240214455054,321.7450678070005, target 
634,2,667.2762299491292,317.57641888914907, target 
635,3,557.2201379242777,192.32346855629623, target 
636,4,658.6832003756872,360.0795230468247, target 
637,5,440.7306890992938,308.4820603340198, target 
638,6,668.2148847446937,285.54999909768253, target 
639,7,505.58273900278317,366.61636559404667, target 
640,8,463.1854670431318,195.2433911985007, target 
641,9,624.7299948335368,362.47443100457497, target 
642,10,414.6009718514061,276.6737977460679, target 
643,11,647.5436734336283,244.46598155634723, target 
644,12,470.16302398635247,408.4926427843645, target 
645,13,447.8624152766731,217.88789731484297, target 
646,14,618.0220755914271,325.14781444447885, target 
647,15,444.9998090238761,391.78407119159397, target 
648,16,412.8349007475406,244.14127459956066, target 
649,17,592.1702234582355,401.97731338495566, target 
650,18,423.4746255352619,405.87435903251225, target 
651,19,618.2848899661818,406.88400831804984, target 
652,20,542.8112010441943,364.1271273213937, target 
653,21,389.60892343801663,284.21232125345085, target 
654,22,596.0171410311787,362.3504705286852, target 
655,23,463.8104058881904,437.4691755537535, target 
656,24,588.5345276248345,224.05945071920257, target 
657,25,487.2551544257771,450.5180794747778, target 
658,26,399.87009563121217,365.6448972205402, target 
659,27,422.473416667097,373.53591458876963, target 
660,28,419.68814887119146,353.15738257666715, target 
661,29,404.4305225336202,340.09661578307146, target 
662,30,450.6462564793715,366.6530435613292, target 
663,31,480.12453948609595,391.12070019318367, target 
664,32,517.9952543463528,450.8454398769694, target 
665,33,543.987842139779,440.16502308060967, target 
666,34,524.2199547883155,404.76238955934815, target 
667,35,546.8004256720795,414.5847623999503, target 
668,36,524.1529925579948,424.4216910574698, target 
669,37,561.4726337673036,433.93250944275974, target 
670,38,587.1876034469146,427.7865946639131, target 
671,39,562.3478784009424,389.4462282077542, target 
