Subplot,TreeID,TreeID_Onsite,Stand,Con_DBH,Con_X,Con_Y,Con_Z,Pad_DBH,Pad_X,Pad_Y,Pad_Z,Pho_DBH,Pho_X,Pho_Y,Pho_Z
2,1,2002,Bp,27.0,-70070.25366,-110773.7461,2.092,23.6,-70068.60938,-110775.2031,127.0,25.2,-70069.35938,-110771.7969,126.9
2,2,2003,Bp,28.5,-70068.97007,-110772.2552,2.023,27.6,-70067.40625,-110773.7188,126.7,26.5,-70068.21094,-110770.2734,126.8
2,3,2004,Bp,20.5,-70067.56394,-110770.7799,1.959,18.5,-70066.01562,-110772.2031,126.7,18.6,-70066.88281,-110768.7422,126.8
2,4,2005,Bp,31.4,-70066.10057,-110769.3772,1.941,29.0,-70064.60938,-110770.8047,126.7,29.7,-70065.52344,-110767.2734,126.7
2,5,2006,Bp,16.1,-70065.12875,-110767.6325,1.847,15.2,-70063.64062,-110769.25,126.7,16.5,-70064.61719,-110765.6797,126.7
2,6,678,Cp,57.4,-70063.72875,-110766.1298,1.836,56.7,-70062.15625,-110767.8828,126.6,58.0,-70063.20312,-110764.2422,126.7
2,7,679,Cp,42.3,-70062.44913,-110764.5927,1.781,40.4,-70060.90625,-110766.3125,126.5,39.1,-70062.00781,-110762.6484,126.4
2,8,680,Cp,41.8,-70061.2003,-110763.0364,1.721,34.5,-70059.61719,-110764.7656,126.5,37.5,-70060.80469,-110761.0625,126.4
2,9,129,Cp,17.0,-70056.01903,-110762.7027,1.765,14.8,-70054.59375,-110764.2734,126.2,16.0,-70055.875,-110760.2656,126.2
2,10,130,Cp,13.8,-70054.76916,-110762.5129,1.716,16.6,-70053.46875,-110764.0,126.2,16.5,-70054.72656,-110759.9219,126.1
2,11,131,Cp,16.7,-70053.85219,-110762.2444,1.712,16.2,-70052.46875,-110763.7891,126.2,16.4,-70053.82812,-110759.6406,126.1
2,12,143,Cp,13.3,-70050.40687,-110763.6072,1.804,12.7,-70049.09375,-110765.1328,126.4,14.2,-70050.40625,-110760.7344,126.3
2,13,144,Cp,14.2,-70051.49475,-110763.4729,1.697,17.6,-70049.94531,-110765.2422,126.4,14.4,-70051.25,-110760.9141,126.3
2,14,145,Cp,14.1,-70053.305,-110764.3115,1.762,15.5,-70051.96875,-110765.8594,126.2,14.1,-70053.16406,-110761.6719,126.2
2,15,147,Cp,20.6,-70055.27649,-110764.7133,1.825,18.3,-70053.94531,-110766.2344,126.2,21.5,-70055.11719,-110762.2109,126.2
2,16,148,Cp,15.0,-70053.67336,-110766.2886,1.867,16.5,-70052.375,-110767.7188,126.5,14.7,-70053.46094,-110763.6172,126.2
2,17,149,Cp,14.2,-70052.60231,-110766.0916,1.841,13.1,-70051.35156,-110767.4922,126.4,11.0,-70052.46094,-110763.3359,126.2
2,18,151,Cp,16.8,-70049.77812,-110765.4122,1.833,17.0,-70048.51562,-110766.8672,126.4,17.1,-70049.6875,-110762.5547,126.3
2,19,158,Cp,12.5,-70045.58273,-110766.9505,1.954,14.0,-70044.32812,-110768.3516,126.6,11.8,-70045.5,-110763.7813,126.3
2,20,159,Cp,28.3,-70046.75311,-110767.2349,1.995,28.6,-70045.49219,-110768.6328,126.5,28.9,-70046.625,-110764.1484,126.4
2,21,160,Cp,25.3,-70049.27741,-110767.8859,2.007,24.1,-70048.0625,-110769.1953,126.5,26.2,-70049.07812,-110764.9141,126.4
2,22,161,Cp,25.4,-70051.60575,-110768.554,2.067,26.6,-70050.46875,-110769.7188,126.5,23.2,-70051.39844,-110765.6484,126.4
2,23,162,Cp,23.0,-70052.63314,-110768.8271,2.071,19.3,-70051.53906,-110770.0078,126.5,23.8,-70052.45312,-110766.0547,126.2
2,24,163,Cp,26.2,-70054.07654,-110769.132,2.096,23.3,-70052.91406,-110770.375,126.5,23.7,-70053.84375,-110766.5313,126.2
3,1,2008,Bp,36.0,-70057.71969,-110747.7459,0.995,31.8,-70057.76562,-110746.3281,125.4,34.5,-70060.53906,-110750.0547,125.6
3,2,2007,Bp,48.3,-70055.17153,-110744.6765,0.957,43.9,-70055.21875,-110743.1563,125.1,44.0,-70058.03125,-110746.9922,125.8
3,3,687,Bp,46.6,-70052.53334,-110741.6454,0.723,46.7,-70052.71875,-110740.0234,125.3,45.8,-70055.57812,-110743.9063,125.4
3,4,683,Bp,40.5,-70049.66288,-110749.052,1.13,40.0,-70049.70312,-110747.4766,125.8,36.8,-70052.51562,-110751.0938,126.0
3,5,682,Bp,40.3,-70050.73973,-110750.7265,1.142,37.6,-70050.82812,-110749.1641,125.8,36.2,-70053.53906,-110752.8203,126.0
3,6,119,Cp,14.1,-70050.8337,-110754.3696,1.15,14.0,-70050.82812,-110752.8203,125.9,15.2,-70053.4375,-110756.4297,126.0
3,7,681,Bp,42.2,-70053.52141,-110753.7237,1.238,39.6,-70053.58594,-110752.1016,126.0,40.5,-70056.15625,-110755.8438,126.1
3,8,114,Cp,10.2,-70054.05156,-110757.6578,1.543,11.9,-70054.28906,-110755.6563,126.0,12.9,-70056.72656,-110759.5156,126.2
3,9,115,Cp,20.0,-70053.11757,-110757.5303,1.561,19.5,-70053.39844,-110755.4922,126.0,24.4,-70055.83594,-110759.3125,126.2
3,10,116,Cp,17.0,-70051.45029,-110756.5499,1.268,20.2,-70051.34375,-110754.875,126.0,16.0,-70053.89844,-110758.6797,126.1
3,11,117,Cp,17.9,-70050.39602,-110756.272,1.215,25.8,-70050.28906,-110754.5938,126.0,17.2,-70052.86719,-110758.3125,126.1
3,12,118,Cp,12.7,-70049.38023,-110756.0271,1.178,17.0,-70049.35938,-110754.3203,126.0,13.6,-70051.92188,-110758.0234,126.1
3,13,120,Cp,17.6,-70047.44497,-110755.5054,1.215,16.8,-70047.42969,-110753.7422,125.8,19.7,-70050.00781,-110757.4063,126.2
3,14,122,Cp,17.5,-70046.84291,-110757.4442,1.308,16.9,-70046.88281,-110755.7266,125.9,18.6,-70049.41406,-110759.3516,126.2
3,15,123,Cp,17.1,-70048.14799,-110758.2304,1.503,15.1,-70048.40625,-110756.1016,126.0,17.9,-70050.875,-110759.7969,126.2
3,16,124,Cp,13.5,-70049.61268,-110758.5942,1.525,15.6,-70049.84375,-110756.5078,126.0,14.7,-70052.32031,-110760.2109,126.1
3,17,125,Cp,23.0,-70051.03842,-110759.042,1.58,22.0,-70051.30469,-110756.9297,126.0,20.2,-70053.73438,-110760.6797,126.1
3,18,126,Cp,18.1,-70052.55853,-110759.3949,1.611,14.3,-70052.79688,-110757.2578,126.0,17.1,-70055.14844,-110761.0938,126.3
3,19,127,Cp,10.7,-70054.03606,-110759.6331,1.638,10.2,-70054.22656,-110757.5781,126.1,11.9,-70056.60156,-110761.5234,126.3
3,20,132,Cp,9.8,-70052.92995,-110761.7913,1.624,10.4,-70053.02344,-110759.7734,126.1,11.5,-70055.3125,-110763.6406,126.3
3,21,134,Cp,14.7,-70050.89084,-110761.3645,1.616,16.7,-70050.95312,-110759.2891,126.2,12.8,-70053.33594,-110763.1016,126.2
3,22,135,Cp,15.6,-70049.98161,-110761.22,1.624,15.3,-70050.01562,-110759.1719,126.2,14.5,-70052.42969,-110762.9297,126.2
3,23,136,Cp,10.8,-70049.05921,-110760.8049,1.596,14.6,-70049.09375,-110758.7344,126.2,12.1,-70051.49219,-110762.4609,126.2
3,24,137,Cp,12.8,-70048.22219,-110760.331,1.46,12.3,-70048.15625,-110758.4766,126.2,12.3,-70050.57812,-110762.2031,126.3
3,25,138,Cp,13.3,-70047.30036,-110760.1707,1.467,12.6,-70047.17188,-110758.3438,126.2,16.7,-70049.61719,-110762.0469,126.3
3,26,140,Cp,18.5,-70045.77168,-110761.6443,1.689,20.2,-70045.60156,-110759.7734,126.2,19.2,-70048.03906,-110763.4297,126.3
3,27,141,Cp,17.6,-70046.78757,-110762.1015,1.737,17.7,-70046.67188,-110760.2422,126.2,17.1,-70049.02344,-110763.9063,126.3
3,28,142,Cp,12.1,-70049.39358,-110763.2892,1.792,8.9,-70049.47656,-110761.1406,126.3,13.0,-70051.73438,-110764.9063,126.2
3,29,153,Cp,13.2,-70048.03628,-110764.5587,1.844,12.6,-70047.90625,-110762.6875,126.3,13.2,-70050.14844,-110766.4141,126.4
3,30,154,Cp,16.1,-70047.12548,-110764.2532,1.851,18.3,-70047.0,-110762.3828,126.3,17.9,-70049.21094,-110766.1094,126.4
3,31,155,Cp,12.1,-70046.17969,-110763.9137,1.859,16.3,-70046.14062,-110762.0313,126.3,14.7,-70048.30469,-110765.6953,126.4
3,32,156,Cp,14.4,-70045.2031,-110763.756,1.875,17.6,-70045.17188,-110761.9375,126.3,16.5,-70047.33594,-110765.5703,126.4
3,33,474,Cp,17.6,-70042.59551,-110758.6924,1.494,16.2,-70042.64062,-110756.7578,125.9,17.1,-70044.99219,-110760.4531,126.2
3,34,475,Cp,13.5,-70042.90835,-110756.8281,1.322,12.3,-70043.01562,-110754.9219,125.9,17.0,-70045.38281,-110758.6172,126.2
3,35,473,Cp,18.9,-70041.63429,-110758.3328,1.466,18.3,-70041.67188,-110756.4063,125.9,18.5,-70044.03906,-110760.0703,126.1
3,36,483,Cp,20.2,-70039.70364,-110754.1295,1.191,18.8,-70039.75781,-110752.2109,125.7,17.9,-70042.27344,-110755.8984,125.9
3,37,484,Cp,17.6,-70040.78796,-110754.1715,1.162,17.5,-70040.85156,-110752.2969,125.7,18.8,-70043.375,-110755.9766,125.9
3,38,485,Cp,20.2,-70042.79978,-110754.6979,1.193,18.4,-70042.85156,-110752.8594,125.7,19.5,-70045.3125,-110756.5078,125.9
3,39,487,Cp,7.6,-70044.33107,-110752.6506,1.1,9.0,-70044.375,-110750.7969,125.8,8.8,-70046.92969,-110754.5234,125.9
3,40,488,Cp,16.9,-70043.32499,-110752.2738,1.089,18.8,-70043.375,-110750.375,125.7,16.6,-70045.96094,-110754.0859,125.9
3,41,490,Cp,9.2,-70040.24437,-110751.4624,1.018,7.9,-70040.34375,-110749.6172,125.6,10.4,-70043.0,-110753.2188,125.7
3,42,499,Cp,10.6,-70038.15636,-110748.5442,0.959,10.5,-70038.26562,-110746.6953,125.5,10.6,-70041.05469,-110750.3047,125.7
3,43,500,Cp,17.3,-70039.0577,-110749.2374,0.989,16.8,-70039.16406,-110747.3203,125.6,17.0,-70041.91406,-110750.9063,125.7
3,44,501,Cp,10.8,-70039.96203,-110749.4214,0.98,12.6,-70040.10156,-110747.5547,125.6,10.4,-70042.80469,-110751.1172,125.7
3,45,502,Cp,11.9,-70041.91975,-110749.7858,1.035,15.0,-70041.96094,-110748.0,125.6,10.4,-70044.65625,-110751.5781,125.8
3,46,505,Cp,12.4,-70044.76078,-110750.7624,0.979,14.5,-70044.89844,-110748.9297,125.7,13.8,-70047.46875,-110752.5313,125.8
3,47,506,Cp,8.5,-70045.28089,-110748.7411,0.829,9.6,-70045.35156,-110746.9063,125.7,8.8,-70048.07031,-110750.5469,125.9
3,48,507,Cp,7.7,-70044.31927,-110748.561,0.824,9.2,-70044.40625,-110746.6563,125.6,8.0,-70047.11719,-110750.2734,125.8
3,49,508,Cp,7.6,-70043.38752,-110748.2705,0.828,10.5,-70043.5,-110746.4219,125.5,9.6,-70046.20312,-110749.9766,125.7
3,50,509,Cp,22.0,-70040.51981,-110747.5543,0.887,22.7,-70040.625,-110745.6641,125.5,19.2,-70043.375,-110749.2031,125.6
3,51,510,Cp,23.7,-70039.3644,-110747.2475,0.896,21.6,-70039.48438,-110745.4219,125.5,25.0,-70042.23438,-110748.8281,125.6
3,52,520,Cp,10.0,-70041.99692,-110745.9988,0.747,10.2,-70042.10938,-110744.1641,125.5,10.1,-70044.85938,-110747.6484,125.7
3,53,521,Cp,9.0,-70044.89139,-110746.6702,0.766,4.7,-70044.98438,-110744.9375,125.6,10.1,-70047.69531,-110748.4219,125.7
3,54,686,Bp,49.9,-70045.53572,-110744.7658,0.855,51.2,-70045.57812,-110743.0938,125.5,48.2,-70048.39844,-110746.5938,125.7
3,55,685,Bp,23.2,-70046.68225,-110746.4248,0.824,24.9,-70046.78906,-110744.8125,125.6,25.1,-70049.55469,-110748.1172,125.8
3,56,684,Bp,11.8,-70046.89318,-110746.3038,0.768,11.6,-70046.96875,-110744.5547,125.6,12.0,-70049.70312,-110748.0391,125.8
4,1,688,Bp,11.0,-70051.1415,-110740.0778,0.579,14.0,-70047.82812,-110737.8125,125.1,9.9,-70047.2234,-110736.5772,125.9
4,2,689,Bp,34.4,-70048.64504,-110737.1368,0.602,35.6,-70045.25,-110735.0938,124.9,34.2,-70044.8494488958,-110733.652814911,125.9
4,3,690,Bp,22.9,-70047.38264,-110735.333,0.501,20.3,-70043.84375,-110733.4688,125.1,23.0,-70043.6117630231,-110731.901449821,125.9
4,4,691,Bp,49.6,-70043.3477,-110731.0928,0.444,48.6,-70039.53906,-110729.5391,125.0,50.0,-70039.7417983761,-110727.658819618,126.0
4,5,692,Bp,51.7,-70041.82258,-110729.4601,0.448,47.8,-70037.83594,-110727.9844,124.8,48.4,-70038.2131946213,-110726.007780127,126.0
4,6,534,Cp,7.4,-70037.98231,-110736.9954,0.405,9.0,-70034.59375,-110736.0547,125.0,8.0,-70034.1761436312,-110733.477880878,125.8
4,7,536,Cp,20.3,-70036.7926,-110737.1903,0.611,26.3,-70033.48438,-110736.3438,125.0,19.5,-70032.975516252,-110733.667968312,126.0
4,8,535,Cp,13.9,-70036.69329,-110738.9165,0.584,11.1,-70033.64062,-110737.9063,125.1,12.3,-70032.94795685,-110735.242419777,125.7
4,9,532,Cp,11.5,-70039.63366,-110739.6647,0.741,12.3,-70036.61719,-110738.3281,125.1,12.4,-70035.8202782732,-110736.089308162,125.7
4,10,531,Cp,13.3,-70041.10555,-110741.4706,0.777,12.4,-70038.27344,-110740.0156,125.4,13.2,-70037.292484235,-110737.931792145,125.7
4,11,530,Cp,7.5,-70039.09546,-110740.9859,0.669,8.7,-70036.21875,-110739.6875,125.1,8.5,-70035.298713827,-110737.408697396,125.6
4,12,528,Cp,11.5,-70036.15682,-110740.3609,0.647,9.0,-70033.21094,-110739.25,125.1,12.8,-70032.3733820049,-110736.653941499,125.7
4,13,527,Cp,18.2,-70035.58095,-110742.0814,0.762,18.9,-70032.71094,-110741.2344,125.2,15.8,-70031.6382606077,-110738.546272679,125.5
4,14,526,Cp,18.0,-70036.69038,-110742.3336,0.64,19.6,-70033.92188,-110741.3438,125.3,18.9,-70032.8222027821,-110738.831018446,125.5
4,15,525,Cp,6.1,-70037.5779,-110742.5267,0.802,8.4,-70034.88281,-110741.4375,125.3,7.9,-70033.738232658,-110739.034435235,125.6
4,16,524,Cp,19.3,-70038.56922,-110742.7971,0.811,24.0,-70035.83594,-110741.5781,125.3,20.2,-70034.6842673493,-110739.327374115,125.6
4,17,522,Cp,9.1,-70042.56354,-110743.7428,0.852,6.4,-70039.92188,-110742.0625,125.4,10.2,-70038.5121753926,-110740.351478142,125.5
4,18,519,Cp,10.1,-70040.93119,-110745.661,0.787,10.7,-70038.58594,-110744.0547,125.5,10.3,-70036.9470886437,-110742.109683114,125.5
4,19,518,Cp,11.1,-70039.22553,-110744.938,0.859,11.4,-70036.69531,-110743.5938,125.4,10.2,-70035.1525395722,-110741.42222293,125.5
4,20,517,Cp,11.7,-70038.18043,-110744.7424,0.861,11.6,-70035.66406,-110743.5156,125.4,12.7,-70034.1596590167,-110741.205005307,125.5
4,21,516,Cp,21.2,-70036.27871,-110744.2215,0.859,27.4,-70033.72656,-110743.2188,125.2,23.9,-70032.2931006516,-110740.680806134,125.5
4,22,515,Cp,20.7,-70035.18632,-110743.9814,0.83,23.9,-70032.61719,-110743.0859,125.2,21.9,-70031.2633055685,-110740.412555113,125.5
4,23,513,Cp,12.7,-70035.60121,-110746.3492,0.799,10.5,-70033.38281,-110745.2891,125.4,12.6,-70031.6706062382,-110742.671065795,125.2
4,24,512,Cp,7.1,-70036.49566,-110746.5499,0.791,11.7,-70034.35938,-110745.3906,125.4,7.9,-70032.5858041552,-110742.896613609,125.5
4,25,511,Cp,10.5,-70037.47279,-110746.8092,0.854,13.8,-70035.3125,-110745.4766,125.4,10.3,-70033.4952969076,-110743.12748036,125.4
5,1,695,Nf,7.4,-70040.95961,-110722.7371,-0.162,9.0,-70039.94531,-110722.6953,124.7,9.0,-70044.13281,-110723.6406,124.3
5,2,694,Nf,7.2,-70042.13823,-110721.7525,-0.24,8.6,-70041.32031,-110721.9063,124.3,8.9,-70045.61719,-110722.9063,124.3
5,3,693,Nf,26.7,-70043.48768,-110720.7813,-0.262,26.2,-70042.48438,-110720.9375,124.3,27.0,-70046.85156,-110721.9531,124.2
5,4,2012,Nf,31.7,-70044.64952,-110720.0373,-0.234,29.4,-70043.41406,-110720.0234,124.3,28.9,-70047.85156,-110721.1016,124.0
5,5,2011,Nf,22.1,-70043.28796,-110718.8929,-0.311,21.5,-70042.33594,-110719.0234,124.0,21.7,-70046.82031,-110720.0625,124.2
5,6,699,Nf,7.6,-70042.40776,-110718.2153,-0.38,6.9,-70041.4375,-110718.3672,124.0,9.4,-70045.98438,-110719.3594,124.2
5,7,697,Nf,29.5,-70042.2681,-110718.7945,-0.29,30.4,-70041.28906,-110718.9297,124.0,31.7,-70045.8125,-110719.8984,124.2
5,8,696,Nf,6.4,-70042.93163,-110719.7633,-0.281,6.0,-70041.73438,-110719.7188,124.3,7.7,-70046.20312,-110720.7109,124.2
5,9,698,Nf,11.6,-70041.15396,-110719.3223,-0.357,13.7,-70040.05469,-110719.4375,124.4,13.2,-70044.58594,-110720.3203,124.2
5,10,2009,Nf,31.7,-70042.27845,-110715.1803,-0.498,26.8,-70041.34375,-110715.25,123.9,24.8,-70046.11719,-110716.2891,124.0
5,11,700,Nf,5.2,-70041.10864,-110715.7791,-0.505,7.4,-70040.15625,-110715.9375,124.1,12.7,-70044.85938,-110716.9063,124.0
5,12,701,Nf,5.2,-70039.05804,-110712.844,-0.848,6.9,-70038.07812,-110712.9219,123.9,8.1,-70043.02344,-110713.7578,123.9
5,13,702,Nf,13.0,-70035.51644,-110716.3618,-0.275,17.1,-70034.53125,-110716.3672,124.0,17.8,-70039.28125,-110716.8828,124.1
5,14,703,Nf,23.5,-70035.36221,-110716.1523,-0.309,24.6,-70034.42188,-110716.2188,124.0,29.0,-70039.17969,-110716.7422,124.1
5,15,704,Nf,46.7,-70033.14271,-110715.4089,-0.437,46.5,-70032.10938,-110715.4453,123.9,48.9,-70036.92969,-110715.7813,124.0
5,16,705,Nf,8.8,-70037.37951,-110706.4496,-1.326,10.9,-70036.625,-110706.5078,123.4,10.4,-70041.78906,-110707.375,123.4
5,17,706,Nf,6.5,-70035.22587,-110707.3594,-1.269,7.4,-70034.40625,-110707.3125,123.4,8.6,-70039.58594,-110708.1406,123.4
5,18,707,Nf,16.1,-70032.52602,-110707.4001,-1.192,18.0,-70031.67969,-110707.2578,123.3,16.1,-70036.85156,-110708.0469,123.4
5,19,708,Nf,5.2,-70032.50592,-110709.5766,-0.971,7.4,-70031.63281,-110709.4922,123.7,6.8,-70036.70312,-110710.2188,123.8
5,20,709,Nf,17.4,-70029.2537,-110707.7567,-1.258,19.4,-70028.34375,-110707.375,123.0,17.6,-70033.52344,-110708.1094,123.3
5,21,710,Nf,6.9,-70029.31463,-110707.9515,-1.191,8.5,-70028.44531,-110707.6563,123.0,9.3,-70033.59375,-110708.375,123.3
5,22,711,Nf,10.4,-70029.01684,-110708.2703,-1.197,12.0,-70028.17969,-110707.9453,123.0,12.8,-70033.32031,-110708.6484,123.7
5,23,712,Nf,28.5,-70028.27993,-110707.9252,-1.168,29.5,-70027.44531,-110707.5938,123.0,30.8,-70032.59375,-110708.2969,123.3
5,24,713,Nf,63.5,-70024.34373,-110709.775,-1.192,65.2,-70023.46875,-110709.1563,123.0,66.8,-70028.63281,-110709.6953,123.4
5,25,714,Nf,9.5,-70027.52345,-110712.3912,-0.686,13.1,-70026.64062,-110711.9688,123.4,11.9,-70031.67969,-110712.6094,123.9
5,26,715,Nf,16.2,-70028.2498,-110712.5299,-0.485,14.7,-70027.21875,-110712.1875,123.8,16.0,-70032.25,-110712.8672,123.9
5,27,716,Nf,29.6,-70029.3431,-110713.2551,-0.839,32.2,-70028.17969,-110712.9453,123.8,32.1,-70033.20312,-110713.6953,123.9
5,28,718,Nf,8.2,-70031.57984,-110715.9362,-0.57,10.0,-70030.4375,-110715.6641,124.1,9.5,-70035.25781,-110716.4609,124.0
5,29,717,Nf,55.6,-70027.05072,-110716.0953,-0.387,56.1,-70025.92188,-110715.7188,124.0,58.7,-70030.80469,-110716.3125,124.1
5,30,720,Nf,5.4,-70027.51094,-110716.4684,-0.648,6.9,-70026.38281,-110716.0703,124.0,6.0,-70031.28125,-110716.6406,124.1
5,31,719,Nf,8.9,-70030.24147,-110718.804,-0.464,9.9,-70029.05469,-110718.4609,124.1,10.4,-70033.72656,-110719.2344,124.3
5,32,722,Nf,27.0,-70035.57608,-110724.8658,0.272,28.0,-70034.32031,-110724.5,124.7,28.1,-70038.48438,-110725.6016,124.7
5,33,721,Nf,17.7,-70034.5972,-110723.8581,0.118,17.6,-70033.32031,-110723.4531,124.6,15.2,-70037.5625,-110724.5078,124.7
5,34,723,Nf,13.9,-70031.12155,-110724.1005,0.038,15.1,-70029.88281,-110723.625,124.6,14.0,-70034.10938,-110724.4844,124.7
5,35,724,Nf,11.2,-70029.56039,-110723.25,-0.14,11.9,-70028.32812,-110722.7734,124.6,11.5,-70032.625,-110723.5781,124.6
5,36,725,Nf,8.8,-70029.02836,-110723.9808,-0.134,9.4,-70027.8125,-110723.4453,124.6,12.0,-70032.03125,-110724.1719,124.6
5,37,726,Nf,7.7,-70025.55334,-110724.9343,-0.154,9.9,-70024.15625,-110724.3047,124.6,9.2,-70028.46094,-110724.7813,124.6
5,38,730,Nf,25.6,-70024.43755,-110718.2811,-0.71,21.7,-70023.39844,-110717.6172,124.0,23.0,-70027.95312,-110718.0938,124.1
5,39,731,Nf,22.3,-70022.39293,-110716.7761,-0.745,21.7,-70021.4375,-110716.0156,123.5,23.0,-70026.08594,-110716.4063,124.0
5,40,732,Nf,23.1,-70022.16397,-110716.5001,-0.993,28.3,-70021.22656,-110715.6875,123.5,31.3,-70025.89062,-110716.0781,124.0
5,41,733,Nf,12.1,-70020.9903,-110714.9809,-1.799,11.8,-70020.07812,-110714.125,122.9,12.1,-70024.84375,-110714.4453,123.5
5,42,734,Nf,38.5,-70020.00974,-110714.4722,-2.041,39.8,-70019.1875,-110713.6484,122.2,38.5,-70023.96875,-110713.8984,123.5
6,1,104,Bp,13.4,-70058.0036,-110803.8173,4.326,12.0,-70057.82812,-110802.2734,128.4,12.6,-70061.66406,-110809.0313,128.9
6,2,105,Bp,48.0,-70061.36305,-110802.2459,3.747,52.5,-70060.90625,-110800.1719,128.4,46.2,-70064.83594,-110807.2188,128.9
6,3,102,Bp,39.6,-70056.46655,-110800.9754,3.701,35.8,-70055.94531,-110799.2969,128.4,40.3,-70060.05469,-110805.9063,128.6
6,4,100_1,Bp,32.5,-70051.81557,-110799.1625,3.692,32.4,-70051.1875,-110798.0234,128.1,37.6,-70055.42188,-110804.3125,128.5
6,5,100_2,Bp,39.9,-70051.74025,-110799.4793,3.7,41.7,-70051.15625,-110798.3906,128.1,35.4,-70055.39062,-110804.6797,128.5
6,6,99_1,Bp,39.2,-70050.41197,-110804.0183,3.968,40.8,-70050.44531,-110803.1406,128.6,36.9,-70054.21875,-110809.1875,128.9
6,7,99_2,Bp,33.3,-70050.09301,-110804.0901,4.162,29.1,-70050.14062,-110803.2969,128.6,35.5,-70053.92188,-110809.375,128.9
6,8,195,Cp,23.2,-70043.92348,-110807.073,4.184,22.1,-70044.38281,-110807.0078,129.1,24.3,-70047.85938,-110812.3203,129.2
6,9,191,Cp,30.5,-70040.16012,-110801.1564,4.118,27.3,-70039.92188,-110801.3516,128.8,27.1,-70044.05469,-110806.3047,129.1
6,10,188,Cp,27.5,-70038.76049,-110798.2954,4.042,24.7,-70038.25,-110798.75,128.6,21.6,-70042.65625,-110803.5078,128.9
6,11,187,Cp,38.5,-70036.77016,-110795.1662,3.813,37.1,-70035.90625,-110795.7422,128.6,32.7,-70040.66406,-110800.3672,128.8
6,12,186,Cp,37.5,-70041.38327,-110796.4784,3.781,40.2,-70040.60938,-110796.7266,128.6,37.8,-70045.27344,-110801.6797,128.5
6,13,189,Cp,31.0,-70042.94215,-110799.4776,3.782,24.3,-70042.48438,-110799.6953,128.7,31.5,-70046.89844,-110804.75,128.8
6,14,190,Cp,31.0,-70044.77817,-110802.3413,3.859,27.9,-70044.55469,-110802.4297,128.7,32.1,-70048.8125,-110807.6016,128.9
6,15,185,Cp,34.9,-70046.32151,-110797.8348,3.592,32.0,-70045.61719,-110797.5859,128.3,33.7,-70050.17188,-110802.9219,128.6
6,16,184,Cp,21.1,-70047.60825,-110792.9248,3.262,24.0,-70046.36719,-110792.6719,128.1,21.8,-70051.35156,-110798.1719,128.1
6,17,180,Cp,20.4,-70048.86646,-110788.1023,2.92,20.9,-70047.13281,-110787.6328,127.6,20.9,-70052.50781,-110793.2656,127.8
6,18,181,Cp,20.2,-70045.57115,-110788.7489,3.062,20.5,-70043.89844,-110788.75,127.9,18.0,-70049.28125,-110794.1094,127.9
6,19,183,Cp,22.0,-70042.6832,-110791.1946,3.298,18.8,-70041.32812,-110791.4609,127.9,19.3,-70046.47656,-110796.5313,128.3
7,1,438,Cp,54.2,-70030.31885,-110776.6657,2.955,54.0,-70029.80469,-110775.2891,127.4,53.3,-70028.78906,-110775.8359,127.4
7,2,426,Cp,16.3,-70034.74993,-110786.0623,3.546,14.9,-70034.39844,-110784.6797,127.7,17.9,-70032.57812,-110785.3281,127.8
7,3,182,Cp,27.0,-70038.13961,-110789.6704,3.61,26.0,-70037.99219,-110788.2109,127.7,25.5,-70035.80469,-110789.0078,128.0
7,4,178,Cp,13.5,-70039.53107,-110785.3197,3.386,13.2,-70039.21094,-110783.8047,127.5,13.5,-70037.38281,-110784.7813,127.7
7,5,179,Cp,28.1,-70044.20706,-110786.6552,3.047,27.6,-70044.05469,-110784.4609,127.5,26.8,-70042.24219,-110785.8203,127.7
7,6,177,Cp,16.6,-70045.44877,-110781.9253,2.999,16.6,-70045.125,-110779.7734,127.2,17.6,-70043.72656,-110781.3438,127.3
7,7,176,Cp,21.0,-70043.68611,-110778.9195,2.847,21.4,-70043.25781,-110776.8516,127.1,24.1,-70042.17188,-110778.2656,127.1
7,8,174,Cp,19.3,-70041.87875,-110775.6177,2.583,19.9,-70041.17969,-110773.7813,126.8,20.5,-70040.42969,-110774.9844,126.9
7,9,175,Cp,19.6,-70041.0796,-110778.2524,2.799,18.7,-70040.55469,-110776.4453,127.1,24.1,-70039.51562,-110777.5703,127.1
7,10,445,Cp,37.9,-70038.54594,-110769.7366,2.192,39.3,-70037.52344,-110768.0156,126.6,35.1,-70037.41406,-110768.9141,126.8
7,11,157,Cp,17.9,-70044.69612,-110766.4514,1.946,14.8,-70043.5,-110764.2031,126.3,18.4,-70043.63281,-110765.7031,126.5
7,12,168,Cp,17.2,-70043.87558,-110768.6586,1.977,17.2,-70042.64844,-110766.7109,126.5,17.8,-70042.57812,-110768.1484,126.6
7,13,167,Cp,17.7,-70045.26216,-110768.7689,2.042,15.4,-70044.07812,-110766.6563,126.5,17.4,-70043.99219,-110768.2188,126.6
7,14,166,Cp,16.8,-70046.22991,-110769.3154,2.032,15.4,-70045.03125,-110767.2578,126.4,19.5,-70044.92188,-110768.8906,126.5
7,15,173,Cp,19.7,-70049.37447,-110777.5581,2.688,17.9,-70048.67969,-110775.2734,126.9,22.6,-70047.82031,-110777.1094,127.0
8,1,440,Cp,45.0,-70027.45041,-110772.7308,2.682,45.5,-70025.29688,-110771.1172,127.0,45.5,-70025.44531,-110771.3125,127.0
8,2,441,Cp,34.2,-70031.83228,-110772.3604,2.465,30.9,-70029.67969,-110770.6719,126.9,31.6,-70029.75781,-110770.9766,126.9
8,3,444,Cp,27.5,-70033.73526,-110768.531,2.163,27.3,-70031.47656,-110766.7891,126.6,27.4,-70031.59375,-110767.2422,126.6
8,4,443,Cp,33.9,-70031.06872,-110767.8383,2.161,35.8,-70028.875,-110766.1875,126.6,32.5,-70029.10156,-110766.5938,126.6
8,5,442,Cp,31.7,-70028.81693,-110767.1781,2.162,29.0,-70026.55469,-110765.5938,126.7,29.4,-70026.76562,-110765.8906,126.7
8,6,449,Cp,29.5,-70029.40865,-110764.8197,1.935,30.8,-70027.10938,-110763.2266,126.3,28.3,-70027.38281,-110763.5078,126.3
8,7,448,Cp,23.3,-70031.86097,-110765.5836,1.911,23.8,-70029.5625,-110763.9844,126.3,20.4,-70029.79688,-110764.2813,126.3
8,8,447,Cp,24.6,-70034.23676,-110766.0206,1.918,25.6,-70031.92188,-110764.3672,126.3,28.2,-70032.14844,-110764.7109,126.6
8,9,446,Cp,20.5,-70036.63114,-110766.5558,1.883,24.2,-70034.46094,-110764.8672,126.6,22.4,-70034.58594,-110765.2656,126.6
8,10,451,Cp,25.4,-70034.63141,-110763.7985,1.757,24.3,-70032.34375,-110762.1094,126.3,21.9,-70032.60938,-110762.4766,126.3
8,11,454,Cp,10.5,-70036.50581,-110761.4952,1.558,11.4,-70034.10938,-110759.8438,126.1,10.6,-70034.375,-110760.2656,126.1
8,12,453,Cp,21.2,-70038.49031,-110762.1275,1.694,20.9,-70036.125,-110760.3594,126.1,21.2,-70036.40625,-110760.8047,126.1
8,13,464,Cp,15.7,-70039.45601,-110758.9152,1.492,17.0,-70036.98438,-110757.125,125.9,16.1,-70037.29688,-110757.6484,126.1
8,14,472,Cp,12.9,-70039.04707,-110757.668,1.352,12.1,-70036.60938,-110755.8984,125.9,12.2,-70036.98438,-110756.4375,125.9
8,15,471,Cp,11.1,-70037.72413,-110757.6289,1.39,12.4,-70035.23438,-110755.9141,125.9,11.9,-70035.63281,-110756.4297,125.9
8,16,478,Cp,17.3,-70036.5527,-110754.996,1.268,20.7,-70033.9375,-110753.3125,125.8,21.7,-70034.49219,-110753.7344,125.8
8,17,495,Cp,10.9,-70033.55917,-110749.9774,1.005,10.4,-70030.79688,-110748.3984,125.7,11.3,-70031.52344,-110748.7969,125.7
8,18,498,Cp,19.9,-70036.06144,-110748.4608,0.971,18.7,-70033.3125,-110746.7969,125.4,18.4,-70034.10156,-110747.2578,125.6
9,1,514,Cp,16.5,-70034.47846,-110746.1051,0.803,15.6,-70032.92188,-110746.2188,125.4,17.3,-70027.71875,-110738.3906,125.1
9,2,496,Cp,19.0,-70034.05628,-110748.0085,0.935,20.6,-70032.4375,-110748.1406,125.7,19.9,-70027.25,-110740.2813,125.2
9,3,497,Cp,13.3,-70035.07957,-110748.1999,0.984,12.4,-70033.41406,-110748.3984,125.7,11.8,-70028.1875,-110740.5391,125.2
9,4,586,Cp,20.1,-70028.15543,-110751.1466,1.189,20.3,-70026.3125,-110751.1094,125.8,19.1,-70021.23438,-110743.2656,125.2
9,5,585,Cp,17.1,-70026.23112,-110750.6582,1.202,14.7,-70024.39062,-110750.5703,125.8,19.2,-70019.29688,-110742.75,125.3
9,6,584,Cp,30.5,-70024.41302,-110750.2775,1.219,28.6,-70022.5625,-110750.1172,125.5,29.0,-70017.50781,-110742.3125,125.3
9,7,583,Cp,23.2,-70020.47379,-110749.4845,1.251,21.8,-70018.67188,-110749.2266,125.5,21.8,-70013.67969,-110741.4922,125.3
9,8,582,Cp,18.1,-70018.43484,-110749.0947,1.235,19.5,-70016.63281,-110748.7422,125.5,22.1,-70011.63281,-110741.0469,125.4
9,9,581,Cp,30.3,-70017.48909,-110748.9802,1.232,27.7,-70015.64844,-110748.5469,125.6,27.9,-70010.6875,-110740.875,125.4
9,10,580,Cp,19.8,-70016.82406,-110746.8057,1.258,20.0,-70015.09375,-110746.2969,125.5,18.8,-70010.04688,-110738.6641,125.3
9,11,579,Cp,17.4,-70017.80645,-110747.0932,1.182,16.9,-70016.19531,-110746.5313,125.5,17.3,-70011.14844,-110738.8516,125.3
9,12,578,Cp,12.7,-70018.69271,-110747.2056,1.203,13.2,-70017.11719,-110746.7656,125.4,12.0,-70012.09375,-110739.0391,125.3
9,13,577,Cp,18.7,-70021.71984,-110747.7031,1.164,19.8,-70020.04688,-110747.4688,125.5,17.9,-70015.10156,-110739.6094,125.3
9,14,576,Cp,15.6,-70022.86169,-110747.9219,1.183,13.6,-70021.1875,-110747.75,125.5,18.2,-70016.26562,-110739.8125,125.2
9,15,575,Cp,21.2,-70024.64066,-110748.3528,1.147,23.8,-70022.97656,-110748.3203,125.5,19.2,-70017.97656,-110740.2734,125.3
9,16,574,Cp,16.5,-70026.67183,-110748.7093,1.132,16.6,-70024.89844,-110748.75,125.6,15.9,-70019.96875,-110740.5938,125.2
9,17,573,Cp,21.5,-70027.74184,-110749.0063,1.146,23.4,-70025.98438,-110749.0859,125.6,24.1,-70021.09375,-110740.8672,125.2
9,18,572,Cp,21.6,-70028.8518,-110749.207,1.095,23.1,-70027.02344,-110749.3984,125.7,21.3,-70022.11719,-110741.1172,125.2
9,19,571,Cp,22.5,-70029.11108,-110747.2042,1.017,19.3,-70027.4375,-110747.4063,125.7,21.4,-70022.42188,-110739.1328,125.2
9,20,570,Cp,9.3,-70028.20144,-110747.0829,0.99,9.4,-70026.50781,-110747.2422,125.6,9.0,-70021.54688,-110739.0078,125.2
9,21,569,Cp,12.1,-70027.20052,-110746.6001,0.989,16.6,-70025.47656,-110746.7031,125.4,12.8,-70020.53125,-110738.5547,125.2
9,22,568,Cp,17.2,-70026.30454,-110746.5446,1.13,21.6,-70024.57031,-110746.5625,125.4,16.3,-70019.64844,-110738.4141,125.2
9,23,567,Cp,11.6,-70025.36826,-110746.3582,1.046,11.0,-70023.60156,-110746.4766,125.4,15.5,-70018.65625,-110738.3125,125.2
9,24,566,Cp,18.3,-70023.35625,-110745.9575,1.048,17.5,-70021.71875,-110745.9453,125.3,22.1,-70016.75,-110737.8438,125.2
9,25,565,Cp,17.3,-70022.41483,-110745.6331,1.073,18.0,-70020.79688,-110745.5625,125.3,16.1,-70015.875,-110737.5391,125.3
9,26,564,Cp,9.9,-70018.52009,-110745.1869,0.912,10.0,-70016.82812,-110745.1172,125.4,8.5,-70011.94531,-110737.1719,125.3
9,27,563,Cp,22.8,-70017.3644,-110744.8683,1.027,21.0,-70015.75,-110744.5859,125.5,22.9,-70010.78125,-110736.7344,125.3
9,28,562,Cp,30.0,-70019.79669,-110743.2837,1.107,31.7,-70018.28125,-110743.0781,125.3,30.1,-70013.30469,-110735.0859,125.1
9,29,561,Cp,26.0,-70021.83697,-110743.7384,1.052,22.2,-70020.25781,-110743.6641,125.3,24.9,-70015.36719,-110735.5391,125.1
9,30,560,Cp,20.8,-70023.7262,-110744.0555,0.981,18.8,-70022.17969,-110744.0469,125.3,19.3,-70017.23438,-110735.8438,125.1
9,31,559,Cp,9.0,-70025.05506,-110744.1209,0.762,9.9,-70023.42969,-110744.375,125.4,9.1,-70018.47656,-110736.1094,125.1
9,32,558,Cp,8.8,-70025.84778,-110744.5165,0.958,6.0,-70024.19531,-110744.625,125.4,8.6,-70019.28125,-110736.3359,125.1
9,33,557,Cp,18.3,-70026.81464,-110744.7311,0.976,15.8,-70025.19531,-110744.8438,125.4,19.6,-70020.28125,-110736.5547,125.1
9,34,556,Cp,19.9,-70027.72157,-110744.8199,0.977,18.2,-70026.17969,-110744.9922,125.4,18.0,-70021.22656,-110736.6172,125.1
9,35,555,Cp,21.5,-70030.00622,-110745.1765,0.892,21.9,-70028.29688,-110745.5078,125.4,19.5,-70023.38281,-110736.9688,125.2
9,36,554,Cp,26.7,-70030.25031,-110743.3312,0.862,22.5,-70028.67188,-110743.6797,125.4,26.2,-70023.70312,-110735.1328,125.0
9,37,553,Cp,26.5,-70029.19962,-110743.1865,0.881,23.8,-70027.63281,-110743.4453,125.2,25.5,-70022.67188,-110734.9609,125.1
9,38,552,Cp,27.9,-70026.31353,-110742.6373,0.946,24.6,-70024.71875,-110742.8438,125.2,24.3,-70019.78125,-110734.4297,125.1
9,39,551,Cp,14.7,-70025.22654,-110742.4687,0.906,14.9,-70023.61719,-110742.5469,125.2,12.9,-70018.75,-110734.1953,125.1
9,40,550,Cp,20.3,-70024.25202,-110742.2705,0.895,18.3,-70022.73438,-110742.2813,125.2,18.6,-70017.82812,-110734.0,125.1
9,41,549,Cp,23.0,-70022.53812,-110741.8691,0.781,24.2,-70020.84375,-110741.9922,125.2,22.0,-70015.9375,-110733.7578,125.1
9,42,548,Cp,19.6,-70019.4377,-110740.9443,1.025,16.9,-70017.85156,-110740.9453,125.3,20.1,-70012.98438,-110732.7344,125.0
9,43,547,Cp,29.5,-70017.25286,-110740.952,1.0,28.2,-70015.74219,-110740.7813,125.3,29.1,-70010.89062,-110732.6016,124.9
10,1,759,Nf,42.0,-70006.04497,-110726.3891,-0.044,44.7,-70005.28125,-110726.2734,123.0,42.8,-70006.39844,-110726.4219,123.7
10,2,758,Nf,34.3,-70006.03781,-110725.8068,0.128,34.6,-70005.25781,-110725.7734,123.0,36.1,-70006.30469,-110725.8828,123.7
10,3,757,Nf,45.9,-70006.16889,-110725.3938,0.047,44.9,-70005.55469,-110725.3359,123.0,42.0,-70006.61719,-110725.4063,123.7
10,4,756_1,Nf,45.5,-70006.71254,-110725.8731,-0.049,47.0,-70006.0,-110725.8047,123.7,42.3,-70007.125,-110725.9609,123.7
10,5,756_2,Nf,26.7,-70007.83652,-110726.7609,0.041,25.3,-70007.0,-110726.7578,124.3,28.7,-70008.14062,-110726.7656,124.3
10,6,754,Nf,8.0,-70006.53466,-110722.7161,-1.096,10.1,-70005.97656,-110722.7188,123.0,9.8,-70006.96094,-110722.7891,123.0
10,7,753,Nf,6.7,-70006.78082,-110722.4908,-0.924,7.8,-70006.23438,-110722.4766,123.0,7.8,-70007.23438,-110722.5469,123.0
10,8,755,Nf,21.0,-70007.66408,-110722.6402,-0.709,15.0,-70007.07812,-110722.7266,123.0,16.1,-70008.0625,-110722.7656,123.0
10,9,752,Nf,20.3,-70006.4688,-110721.382,-1.289,21.4,-70005.95312,-110721.3203,123.0,20.1,-70006.88281,-110721.3672,123.0
10,10,751,Nf,42.7,-70006.95382,-110721.4877,-1.163,43.0,-70006.42188,-110721.3672,123.0,39.8,-70007.35938,-110721.4219,123.0
10,11,750,Nf,26.4,-70007.31823,-110719.7835,-2.13,21.6,-70006.91406,-110719.9688,123.0,27.5,-70007.80469,-110719.9688,123.0
10,12,749,Nf,6.0,-70008.00099,-110719.9011,-2.32,9.6,-70007.59375,-110720.0313,123.0,8.9,-70008.5,-110720.1016,123.0
10,13,748,Nf,21.5,-70008.46881,-110718.6912,-2.894,24.2,-70008.07031,-110718.9141,122.3,23.7,-70008.92188,-110718.9453,122.3
10,14,747,Nf,35.6,-70010.05954,-110719.4261,-2.207,35.7,-70009.6875,-110719.7344,122.2,33.8,-70010.54688,-110719.6953,122.2
10,15,746,Nf,40.5,-70010.94897,-110719.5353,-1.828,45.8,-70010.54688,-110719.8516,123.1,45.5,-70011.41406,-110719.7734,123.1
10,16,745,Nf,11.2,-70010.61263,-110720.3935,-1.583,12.2,-70010.125,-110720.7031,123.1,11.6,-70011.0625,-110720.6406,123.1
10,17,744,Nf,9.1,-70009.38041,-110724.8076,-0.199,11.7,-70008.53906,-110724.9688,123.7,10.1,-70009.78906,-110725.0078,124.0
10,18,740,Nf,8.2,-70011.45833,-110729.6943,0.302,10.6,-70009.98438,-110729.9375,124.9,10.8,-70011.65625,-110729.9609,124.9
10,19,741,Nf,19.2,-70010.67061,-110726.3883,0.083,18.5,-70009.64062,-110726.4766,124.5,23.2,-70010.92969,-110726.5703,124.5
10,20,742,Nf,36.5,-70010.1763,-110725.9161,0.249,35.0,-70009.32031,-110725.9766,124.0,37.3,-70010.57031,-110726.1016,124.0
10,21,743,Nf,44.2,-70010.95072,-110724.9524,-0.005,45.1,-70010.14844,-110725.2188,124.0,49.2,-70011.29688,-110725.2734,124.0
10,22,739,Nf,38.5,-70014.56073,-110725.1409,0.125,40.8,-70013.63281,-110725.8984,124.3,42.8,-70014.84375,-110725.4219,124.3
10,23,738,Nf,6.6,-70014.60768,-110724.3202,0.112,10.3,-70013.78125,-110725.1094,124.3,9.6,-70014.90625,-110724.6563,124.3
10,24,737,Nf,38.5,-70016.07066,-110723.6071,-0.23,36.1,-70015.1875,-110724.6406,124.3,33.3,-70016.21094,-110724.0234,124.5
10,25,736,Nf,28.2,-70015.04748,-110721.3328,-0.543,27.6,-70014.72656,-110722.2656,123.5,30.6,-70015.44531,-110721.6484,123.5
10,26,735,Nf,30.4,-70014.93359,-110720.613,-0.699,32.3,-70014.65625,-110721.7813,123.5,33.8,-70015.36719,-110721.1484,123.5
10,27,729_2,Nf,6.1,-70018.36448,-110721.5944,-0.264,8.6,-70017.86719,-110722.8984,123.8,8.2,-70018.70312,-110721.9766,123.8
10,28,728,Nf,6.1,-70022.5469,-110725.5137,1.328,8.0,-70021.38281,-110725.9688,124.6,11.4,-70022.5,-110724.7422,124.6
10,29,727,Nf,6.3,-70024.59411,-110724.7877,-0.282,9.2,-70023.49219,-110726.7656,124.8,8.2,-70024.65625,-110725.3438,124.6
11,1,405,Cp,19.2,-70024.86556,-110804.0642,4.626,19.6,-70021.72656,-110807.9766,129.2,17.6,-70029.21094,-110802.8516,128.9
11,2,407,Cp,16.7,-70025.75103,-110801.7649,4.442,15.5,-70022.55469,-110805.7109,129.2,17.1,-70030.22656,-110800.6172,128.9
11,3,408,Cp,22.5,-70023.54352,-110801.2674,4.418,23.2,-70020.28125,-110805.2891,129.2,18.9,-70028.01562,-110800.0547,128.9
11,4,406,Cp,19.3,-70022.02965,-110803.2319,4.637,18.4,-70018.875,-110807.3125,129.4,17.8,-70026.46094,-110801.8281,129.0
11,5,400,Cp,27.6,-70022.60801,-110811.4105,5.503,24.7,-70019.9375,-110815.3438,129.5,26.2,-70026.57031,-110809.9609,129.9
11,6,398,Cp,45.5,-70023.81274,-110813.8666,5.695,44.7,-70021.30469,-110817.7031,129.5,43.3,-70027.65625,-110812.5078,129.8
11,7,399,Cp,36.0,-70026.51229,-110812.3977,5.351,35.8,-70024.01562,-110816.0547,129.3,35.7,-70030.41406,-110811.2188,129.8
11,8,203,Cp,29.2,-70031.50225,-110814.117,5.238,26.3,-70029.0625,-110817.3906,128.9,27.9,-70035.1875,-110813.2266,129.6
11,9,198,Cp,36.8,-70032.60877,-110809.7186,4.939,37.5,-70029.86719,-110812.9297,128.6,35.9,-70036.6875,-110808.8516,129.4
11,10,193,Cp,31.7,-70033.81412,-110804.9807,4.532,29.3,-70030.71094,-110808.2188,128.6,31.3,-70038.21875,-110804.3594,129.1
11,11,197,Cp,24.8,-70036.1193,-110807.8782,4.592,22.8,-70033.1875,-110810.9844,128.4,23.8,-70040.29688,-110807.3672,129.3
11,12,199,Cp,27.5,-70037.62995,-110810.595,4.711,24.1,-70034.82812,-110813.5,128.2,28.2,-70041.59375,-110810.1563,129.4
11,13,196,Cp,19.9,-70040.19965,-110808.6787,4.499,19.1,-70037.14062,-110811.3516,128.0,19.2,-70044.1875,-110808.4609,129.1
11,14,194,Cp,31.9,-70038.9592,-110805.975,4.438,29.5,-70035.57812,-110808.6719,128.2,32.3,-70043.10938,-110805.6094,128.9
11,15,192,Cp,38.6,-70035.69686,-110799.9604,4.196,39.4,-70031.96094,-110803.1016,128.5,40.5,-70040.47656,-110799.4297,128.8
11,16,411,Cp,13.7,-70030.76143,-110798.0577,4.194,14.5,-70026.75,-110802.0859,128.8,12.3,-70035.59375,-110797.5,128.6
11,17,412,Cp,27.0,-70028.40208,-110797.547,4.246,28.4,-70024.39062,-110801.8125,129.0,25.4,-70033.29688,-110796.7578,128.6
12,1,439,Cp,26.7,-70026.10596,-110776.3264,2.847,27.9,-70022.82812,-110777.4766,127.4,26.3,-70011.875,-110768.8203,127.0
12,2,432,Cp,27.0,-70025.2103,-110781.0168,3.287,26.8,-70020.94531,-110781.9844,127.7,27.7,-70011.89062,-110773.6016,127.3
12,3,608,Cp,29.1,-70021.0522,-110779.7179,3.521,31.0,-70016.98438,-110779.9609,127.8,29.7,-70007.5,-110773.4063,127.3
12,4,609,Cp,30.0,-70018.69423,-110779.0999,3.424,31.0,-70014.75,-110778.9766,127.8,27.5,-70005.11719,-110773.4531,127.3
12,5,611,Cp,21.1,-70015.21138,-110780.5863,3.408,19.1,-70011.0625,-110780.0469,127.8,20.8,-70002.21875,-110775.9375,127.4
12,6,612,Cp,32.9,-70017.6736,-110781.4867,3.197,32.3,-70013.27344,-110781.3672,127.8,28.6,-70004.71094,-110776.25,127.5
12,7,613,Cp,16.8,-70019.8206,-110782.2383,3.319,18.4,-70015.35156,-110782.3047,128.1,17.1,-70007.07031,-110776.3516,127.5
12,8,420,Cp,27.0,-70023.8538,-110785.7269,3.648,24.2,-70018.82812,-110786.2891,128.3,25.8,-70011.71875,-110778.6406,127.8
12,9,615,Cp,11.9,-70020.00223,-110784.9308,3.517,10.5,-70015.22656,-110784.9375,128.1,12.2,-70007.89062,-110778.8906,127.8
12,10,614,Cp,25.2,-70014.72069,-110783.4805,3.59,23.3,-70010.08594,-110782.7266,128.1,22.9,-70002.38281,-110778.8906,127.6
12,11,634,Cp,39.9,-70011.57813,-110782.6493,3.521,39.9,-70007.14062,-110781.4063,127.8,36.9,-69999.10938,-110778.9297,127.6
12,12,636,Cp,30.0,-70009.64907,-110784.2951,3.765,28.2,-70005.24219,-110782.5703,128.0,28.1,-69997.85156,-110780.7188,127.7
12,13,635,Cp,26.5,-70010.96874,-110784.9162,3.649,24.1,-70006.46094,-110783.4219,128.1,28.0,-69999.29688,-110781.0313,127.6
12,14,665,Cp,23.7,-70011.1179,-110787.1826,3.875,22.0,-70006.3125,-110785.7344,128.4,24.5,-70000.02344,-110783.2344,128.0
12,15,670,Cp,30.1,-70013.40465,-110787.805,3.868,31.6,-70008.50781,-110786.6094,128.4,28.9,-70002.30469,-110783.1797,128.0
12,16,671,Cp,13.8,-70015.67506,-110788.479,3.877,15.9,-70010.71094,-110787.6094,128.4,14.4,-70004.73438,-110783.2891,128.0
12,17,647,Cp,43.0,-70018.49548,-110789.2289,4.004,42.6,-70013.30469,-110788.5625,128.4,39.7,-70007.53125,-110783.2188,128.1
12,18,648,Cp,27.0,-70018.90655,-110789.3878,3.975,25.0,-70013.72656,-110788.8047,128.4,23.5,-70008.02344,-110783.3125,128.1
12,19,419,Cp,25.1,-70022.42733,-110790.7598,3.953,25.4,-70016.875,-110790.6875,128.6,24.4,-70011.5625,-110783.8516,128.1
12,20,675,Cp,25.3,-70017.62654,-110792.064,4.205,24.5,-70012.22656,-110791.1719,128.6,24.8,-70007.48438,-110786.2031,128.4
12,21,672,Cp,29.1,-70015.12853,-110791.0914,4.033,22.8,-70009.71094,-110789.9375,128.6,26.2,-70004.82812,-110786.0156,128.4
12,22,669,Cp,25.1,-70012.79146,-110790.6273,4.012,24.7,-70007.59375,-110789.0781,128.7,26.0,-70002.54688,-110786.125,128.4
12,23,673,Cp,25.3,-70014.39398,-110793.7944,4.328,25.9,-70008.73438,-110792.4141,128.7,22.9,-70004.85156,-110788.75,128.4
12,24,674,Cp,34.5,-70016.54516,-110794.4492,4.364,35.4,-70010.78906,-110793.3359,128.9,40.6,-70007.09375,-110788.8438,128.4
12,25,414,Cp,33.1,-70021.19331,-110795.4669,4.266,33.6,-70015.07031,-110794.9766,128.9,30.8,-70011.61719,-110788.7031,128.4
12,26,413,Cp,30.5,-70025.88936,-110796.7711,4.248,29.5,-70019.53906,-110796.8672,129.0,28.3,-70016.40625,-110788.7813,128.4
12,27,416,Cp,27.7,-70028.99099,-110795.2563,4.059,24.9,-70022.79688,-110795.75,128.8,24.6,-70019.0,-110786.5625,128.3
12,28,417,Cp,31.7,-70029.78984,-110792.6975,4.029,33.0,-70023.90625,-110793.3047,128.7,30.4,-70019.14844,-110783.9219,128.1
12,29,424,Cp,31.2,-70033.06587,-110788.565,3.77,28.4,-70027.64062,-110789.6328,128.4,30.1,-70021.20312,-110779.2422,127.7
12,30,428,Cp,11.5,-70030.63672,-110784.9338,3.547,10.8,-70025.6875,-110785.7344,128.2,10.9,-70018.05469,-110776.4219,127.5
12,31,429,Cp,9.1,-70028.74386,-110784.4148,3.466,10.5,-70023.85938,-110785.0313,127.9,11.1,-70016.11719,-110776.3828,127.5
12,32,422,Cp,15.5,-70029.16151,-110787.3592,3.661,16.1,-70023.96875,-110787.9688,128.2,14.9,-70017.21094,-110779.0703,127.8
13,1,642,Cp,34.7,-70005.48556,-110775.0164,3.081,32.8,-70005.27344,-110773.2578,127.3,31.0,-70010.23438,-110777.625,127.5
13,2,619,Cp,27.8,-70008.70195,-110776.1387,3.196,30.3,-70008.58594,-110774.2813,127.3,29.9,-70013.51562,-110778.5938,127.5
13,3,618,Cp,46.8,-70010.26248,-110776.6722,3.264,45.1,-70010.14844,-110774.6875,127.3,44.4,-70015.0625,-110779.0391,127.8
13,4,617,Cp,22.2,-70011.87822,-110776.8514,3.309,22.2,-70011.75781,-110774.8828,127.3,23.1,-70016.67188,-110779.2422,127.8
13,5,616,Cp,31.0,-70013.16653,-110777.3996,3.256,29.8,-70013.00781,-110775.375,127.5,29.5,-70017.92188,-110779.7188,127.8
13,6,610,Cp,29.2,-70015.78399,-110778.3376,3.375,29.4,-70015.67969,-110776.2188,127.5,28.2,-70020.47656,-110780.5156,127.7
13,7,624,Cp,37.6,-70012.58098,-110779.1675,3.31,42.8,-70012.50781,-110777.1953,127.5,31.7,-70017.40625,-110781.6094,127.8
13,8,623,Cp,28.8,-70011.0213,-110778.8192,3.284,25.1,-70010.89844,-110776.9609,127.5,27.5,-70015.82031,-110781.3828,127.8
13,9,622,Cp,23.7,-70009.62889,-110778.107,3.254,29.4,-70009.54688,-110776.1406,127.5,21.2,-70014.49219,-110780.5781,127.8
13,10,621,Cp,31.7,-70007.97558,-110778.1422,3.329,28.1,-70007.95312,-110776.1953,127.5,29.1,-70012.85938,-110780.6719,127.8
13,11,620,Cp,33.8,-70006.47969,-110777.2735,3.26,27.5,-70006.47656,-110775.3281,127.5,35.7,-70011.375,-110779.8672,127.8
13,12,628,Cp,16.4,-70007.40467,-110779.8886,3.407,17.4,-70007.48438,-110777.9688,127.5,17.0,-70012.41406,-110782.4922,128.1
13,13,627,Cp,21.7,-70009.06464,-110780.2465,3.248,22.3,-70009.08594,-110778.2969,127.5,23.7,-70013.99219,-110782.7891,128.1
13,14,626,Cp,24.0,-70010.74286,-110780.7067,3.43,23.7,-70010.76562,-110778.7422,127.8,22.6,-70015.63281,-110783.2266,128.1
13,15,625,Cp,21.4,-70012.32522,-110780.8441,3.422,24.7,-70012.39844,-110778.8047,127.8,21.6,-70017.21094,-110783.2813,128.1
13,16,633,Cp,23.9,-70009.9649,-110782.4751,3.416,26.4,-70009.96875,-110780.4531,127.8,20.4,-70014.85938,-110784.9844,128.1
13,17,632,Cp,17.4,-70008.61047,-110781.9194,3.299,21.9,-70008.77344,-110780.0078,127.8,16.6,-70013.69531,-110784.5547,128.1
15,1,760,Nf,8.0,-70002.03056,-110732.9171,0.713,9.6,-70001.24219,-110735.3594,125.1,9.5,-70003.24219,-110737.3203,125.3
15,2,763,Nf,11.2,-70001.6233,-110732.8344,0.819,14.5,-70000.83594,-110735.25,125.1,11.8,-70002.875,-110737.1953,125.3
15,3,762,Nf,11.0,-70001.61142,-110733.1917,0.852,13.3,-70000.8125,-110735.5938,125.1,11.8,-70002.82812,-110737.5313,125.3
15,4,761,Nf,14.8,-70001.78526,-110733.562,0.844,18.0,-70001.00781,-110735.9297,125.1,19.7,-70003.00781,-110737.9141,125.3
15,5,764,Nf,8.6,-70001.38669,-110733.6787,0.843,12.0,-70000.625,-110736.0938,125.1,12.3,-70002.63281,-110738.0469,125.3
15,6,765,Nf,9.4,-70001.08341,-110732.838,0.757,12.3,-70000.24219,-110735.1953,125.1,10.6,-70002.28906,-110737.1797,125.3
15,7,766,Nf,13.5,-69999.22346,-110733.1096,0.558,14.9,-69998.54688,-110735.4063,125.1,14.5,-70000.54688,-110737.3906,125.3
15,8,767,Nf,11.4,-69999.02813,-110733.444,0.658,18.7,-69998.26562,-110735.7266,125.1,15.7,-70000.27344,-110737.6875,125.3
15,9,768,Nf,8.0,-69998.10733,-110732.552,0.494,9.8,-69997.375,-110734.8594,125.1,7.1,-69999.27344,-110736.7813,125.1
15,10,769,Nf,16.6,-69997.75103,-110732.3091,0.569,23.1,-69997.0,-110734.625,125.1,20.6,-69999.01562,-110736.6172,125.1
15,11,771,Nf,7.8,-69999.12795,-110730.4843,0.304,10.4,-69998.35156,-110732.7656,124.8,11.3,-70000.3125,-110734.7109,125.1
15,12,770,Nf,31.1,-69997.26494,-110731.4404,0.457,34.6,-69996.55469,-110733.8438,125.1,33.8,-69998.55469,-110735.7734,125.1
15,13,772,Nf,7.5,-69996.97984,-110728.9041,-0.067,10.5,-69996.27344,-110731.2578,124.8,9.3,-69998.21094,-110733.2188,124.8
15,14,773,Nf,7.7,-69996.62319,-110729.3002,0.031,8.6,-69995.9375,-110731.6484,124.8,10.0,-69997.88281,-110733.6172,125.1
15,15,774,Nf,30.5,-69995.6688,-110727.8666,-0.252,28.9,-69994.94531,-110730.2578,124.9,32.7,-69996.85938,-110732.1953,124.8
15,16,777,Nf,6.8,-69994.12045,-110728.8763,0.202,8.3,-69993.4375,-110731.3203,124.9,10.6,-69995.39062,-110733.2969,124.8
15,17,776,Nf,9.8,-69993.20245,-110727.5226,0.096,10.6,-69992.45312,-110729.7891,124.0,10.7,-69994.35156,-110731.7109,124.9
15,18,775,Nf,15.8,-69993.83408,-110726.7346,-0.347,16.9,-69993.28906,-110729.0859,124.0,14.9,-69995.1875,-110731.0234,124.9
15,19,780,Nf,6.3,-69991.55113,-110729.5125,0.491,8.8,-69990.96875,-110731.875,124.9,10.6,-69992.72656,-110733.7813,125.2
15,20,782,Nf,28.5,-69991.818,-110732.7313,1.007,34.3,-69991.04688,-110734.8828,125.1,30.3,-69992.8125,-110736.7813,125.2
15,21,781,Nf,20.7,-69991.63315,-110732.3467,0.932,23.8,-69991.0625,-110734.6563,125.1,23.1,-69992.83594,-110736.5625,125.2
15,22,779,Nf,59.0,-69989.02703,-110727.0723,0.157,64.8,-69988.32812,-110729.4297,124.2,66.3,-69990.07812,-110731.2969,124.9
15,24,786,Nf,41.0,-69983.94198,-110729.19,-0.247,43.1,-69983.33594,-110731.6328,124.5,43.4,-69985.125,-110733.5391,124.9
15,25,784,Nf,9.8,-69986.90523,-110732.2062,0.74,9.7,-69986.40625,-110734.5938,124.9,11.9,-69988.16406,-110736.5859,124.9
15,26,783,Nf,6.7,-69987.04174,-110732.3337,0.708,9.2,-69986.5625,-110734.7344,124.9,8.0,-69988.34375,-110736.6875,125.1
15,27,868,Cp,12.5,-69987.41,-110738.37,0.966,9.9,-69987.14844,-110740.7891,125.2,13.7,-69988.71094,-110742.6953,125.5
15,28,869,Cp,16.4,-69988.69741,-110738.827,1.02,18.7,-69988.46875,-110741.1875,125.5,17.6,-69989.96094,-110743.125,125.5
15,29,867,Cp,18.1,-69989.44195,-110737.5829,0.957,16.3,-69989.125,-110739.8594,125.3,17.3,-69990.65625,-110741.8594,125.5
15,30,866,Cp,26.8,-69991.07525,-110738.4356,1.069,27.7,-69990.80469,-110740.625,125.5,26.4,-69992.27344,-110742.6875,125.5
15,31,870,Cp,18.4,-69990.2324,-110740.1272,1.121,17.2,-69990.0625,-110742.3281,125.5,19.4,-69991.52344,-110744.3906,125.6
15,32,871,Cp,32.5,-69989.48119,-110741.5381,1.199,33.1,-69989.34375,-110743.8359,125.5,30.9,-69990.73438,-110745.8438,125.6
16,1,715,Cp,26.8,-70008.40627,-110822.6781,6.672,24.8,-70012.03906,-110824.2266,131.4,23.5,-70007.34375,-110823.2344,131.5
16,2,716,Cp,9.7,-70007.121,-110822.1616,6.734,7.7,-70010.74219,-110823.7188,131.1,9.3,-70006.0625,-110822.6953,131.8
16,3,717,Cp,13.5,-70006.05797,-110821.9377,6.766,15.2,-70009.70312,-110823.4844,131.5,14.9,-70005.0625,-110822.4453,131.8
16,4,718,Cp,16.6,-70006.55952,-110819.3365,6.963,15.7,-70010.35156,-110821.0703,131.1,14.9,-70005.71094,-110820.0391,131.4
16,5,714,Cp,19.9,-70007.71256,-110819.9193,6.546,21.1,-70011.35156,-110821.5625,131.1,20.2,-70006.70312,-110820.5078,131.2
16,6,712,Cp,21.7,-70009.91245,-110818.1284,6.124,19.0,-70013.57031,-110819.8672,130.9,21.2,-70008.97656,-110818.7656,131.2
16,7,713,Cp,36.8,-70008.57268,-110817.7076,6.243,38.1,-70012.27344,-110819.3984,130.9,40.8,-70007.66406,-110818.2969,131.2
16,8,719,Cp,22.3,-70007.35055,-110817.1479,6.296,22.9,-70011.08594,-110818.8203,130.9,24.7,-70006.49219,-110817.6875,131.4
16,9,720,Cp,33.2,-70006.3538,-110816.8091,6.38,35.6,-70010.11719,-110818.4609,131.2,35.6,-70005.48438,-110817.3359,131.4
16,10,721,Cp,29.1,-70005.05328,-110816.4659,6.468,32.5,-70008.83594,-110818.1094,131.2,31.0,-70004.21094,-110816.9688,131.1
16,11,725,Cp,33.6,-70003.79407,-110816.1568,6.525,35.4,-70007.60156,-110817.7578,131.2,32.3,-70002.99219,-110816.6172,131.3
16,12,726,Cp,13.8,-70002.54713,-110815.7081,6.547,11.8,-70006.44531,-110817.2734,131.4,10.9,-70001.8125,-110816.0859,131.3
16,13,699,Cp,21.1,-70002.2421,-110810.1632,6.361,14.8,-70006.14844,-110812.1797,130.9,20.8,-70001.52344,-110810.75,131.0
16,14,706,Cp,25.5,-70007.83802,-110811.9742,6.067,23.5,-70011.36719,-110814.1094,130.7,24.5,-70007.00781,-110812.6484,130.7
16,15,711,Cp,41.3,-70011.59629,-110813.3874,5.922,46.1,-70015.29688,-110815.6953,130.6,45.7,-70010.85938,-110814.1641,130.7
16,16,707,Cp,16.9,-70009.97863,-110810.1306,5.788,15.4,-70013.95312,-110812.6094,130.2,18.2,-70009.5,-110810.9922,130.7
16,17,705,Cp,24.1,-70008.44777,-110809.7751,5.931,22.7,-70012.17969,-110812.0313,130.5,24.0,-70007.69531,-110810.3281,130.7
16,18,703,Cp,19.1,-70006.36809,-110809.0462,5.798,19.5,-70010.30469,-110811.4063,130.5,19.3,-70005.73438,-110809.6563,130.5
16,19,704,Cp,19.7,-70008.40076,-110807.0499,5.673,17.9,-70012.27344,-110809.5703,130.2,20.8,-70007.73438,-110807.6563,130.3
16,20,708,Cp,24.9,-70010.17709,-110807.9045,5.654,19.0,-70013.92969,-110810.4922,130.2,27.5,-70009.46094,-110808.5859,130.3
16,21,709,Cp,21.1,-70011.74251,-110808.3202,5.66,19.6,-70015.48438,-110810.9531,130.2,21.1,-70011.0,-110809.0234,130.2
16,22,710,Cp,25.9,-70013.17514,-110808.3911,5.565,29.5,-70016.78906,-110811.0547,130.2,26.0,-70012.35156,-110809.1484,130.2
16,23,646,Cp,49.2,-70018.24904,-110809.6963,5.471,50.0,-70021.58594,-110812.5469,130.0,48.7,-70017.26562,-110810.5313,130.0
16,24,397_2,Cp,40.5,-70016.7352,-110814.5782,5.937,41.9,-70019.78125,-110817.0391,130.8,42.1,-70015.60156,-110815.2813,130.6
16,25,397_1,Cp,38.0,-70017.00825,-110814.8299,5.91,37.6,-70019.99219,-110817.3906,130.8,42.3,-70015.80469,-110815.6641,130.6
16,26,396,Cp,25.8,-70021.14191,-110816.0667,5.853,24.2,-70023.96094,-110818.6953,130.5,23.1,-70019.94531,-110816.8438,130.5
16,27,395,Cp,29.7,-70025.07473,-110817.5134,5.667,30.5,-70028.0,-110820.3438,130.3,27.8,-70024.03125,-110818.3828,130.5
16,28,393,Cp,25.0,-70020.6888,-110820.482,6.177,24.1,-70023.1875,-110822.9844,130.7,21.7,-70019.49219,-110820.9922,130.9
16,29,391,Cp,26.2,-70016.96311,-110821.6835,6.265,25.7,-70019.67969,-110823.9844,131.3,24.9,-70016.07031,-110822.1406,131.0
16,30,392,Cp,31.5,-70015.05954,-110819.0949,6.235,29.9,-70017.92188,-110821.1953,130.9,30.9,-70014.15625,-110819.5078,130.9
16,31,387,Cp,24.3,-70013.89532,-110823.8361,6.905,23.6,-70016.38281,-110825.7969,131.3,22.9,-70012.89062,-110824.1172,131.4
17,1,653,Cp,19.7,-70011.69113,-110793.3219,4.282,18.2,-70011.97656,-110791.3438,128.6,17.4,-70013.60938,-110792.4375,128.6
17,2,652,Cp,18.9,-70011.57486,-110793.0376,4.271,16.2,-70011.96875,-110791.3594,128.6,17.5,-70013.60938,-110792.4375,128.6
17,3,651,Cp,19.5,-70012.01862,-110792.7776,4.095,16.7,-70011.96875,-110791.3594,128.6,17.3,-70013.60938,-110792.4375,128.6
17,4,650,Cp,14.0,-70012.23449,-110793.0829,4.176,14.5,-70011.99219,-110791.3672,128.6,17.1,-70014.0,-110792.25,128.6
17,5,649,Cp,19.4,-70012.24364,-110793.2466,4.16,20.6,-70012.35938,-110791.1953,128.6,18.8,-70013.60156,-110792.4297,128.6
17,6,679,Cp,32.5,-70013.687,-110798.3077,4.688,32.1,-70013.9375,-110796.3984,129.1,30.1,-70015.32031,-110797.5547,129.1
17,7,680,Cp,30.1,-70011.53795,-110797.9124,4.708,27.6,-70011.84375,-110795.9219,128.9,25.6,-70013.24219,-110797.0156,129.2
17,8,681,Cp,26.3,-70009.47133,-110797.2418,4.686,27.7,-70009.75781,-110795.25,128.9,26.6,-70011.22656,-110796.2734,129.2
17,9,684,Cp,53.6,-70005.78606,-110796.7227,4.726,53.2,-70006.14844,-110794.7422,129.0,47.9,-70007.70312,-110795.6484,128.9
17,10,683_3,Cp,35.8,-70004.69435,-110800.1078,5.029,34.9,-70005.05469,-110798.0859,129.3,33.2,-70006.4375,-110798.9453,129.1
17,11,683_1,Cp,33.4,-70004.79808,-110800.2823,5.103,31.9,-70005.42188,-110798.4375,129.3,29.9,-70006.79688,-110799.3203,129.1
17,12,682,Cp,46.4,-70009.8107,-110802.0346,5.237,46.2,-70010.08594,-110799.9922,129.5,42.7,-70011.32812,-110801.0391,129.5
17,13,678,Cp,23.7,-70013.20067,-110800.5074,4.862,23.4,-70013.21094,-110798.7344,129.2,26.6,-70014.55469,-110799.9766,129.4
17,14,677,Cp,29.1,-70014.92512,-110801.4374,4.979,31.8,-70015.05469,-110799.4453,129.1,26.4,-70016.30469,-110800.8984,129.4
17,15,702,Cp,21.9,-70006.73473,-110806.7068,5.625,19.4,-70006.8125,-110804.6016,130.0,19.1,-70007.78906,-110805.6094,130.0
17,16,701,Cp,28.4,-70004.22768,-110806.0142,5.72,30.4,-70004.36719,-110803.7422,130.1,26.7,-70005.5,-110804.6641,130.1
17,17,700,Cp,15.4,-70002.83978,-110807.9748,6.01,19.8,-70003.05469,-110805.7188,130.1,11.7,-70004.11719,-110806.5703,130.5
17,18,698,Cp,35.0,-70000.51825,-110807.0269,6.048,31.1,-70000.74219,-110804.6484,130.3,33.9,-70001.90625,-110805.4531,130.3
17,19,697,Cp,28.0,-69999.69779,-110809.6091,6.227,26.7,-69999.85938,-110807.1797,130.7,23.0,-70000.96875,-110807.8906,130.7
17,20,695,Cp,20.3,-69997.59733,-110804.1073,5.682,19.6,-69998.32812,-110801.7109,130.0,21.4,-69999.48438,-110802.375,129.9
17,21,683_2,Cp,44.9,-70004.47978,-110800.6649,5.108,44.7,-70005.40625,-110798.5391,129.3,42.2,-70006.28906,-110799.3594,129.3
17,22,685_2,Cp,19.2,-69999.36995,-110797.1897,4.861,18.0,-70000.35938,-110794.9766,129.0,20.3,-70001.45312,-110795.7266,129.0
17,23,685_1,Cp,39.3,-69999.16102,-110797.4424,4.923,41.0,-70000.13281,-110795.1797,129.0,37.2,-70001.25,-110795.9219,129.0
17,24,686_2,Cp,23.8,-69996.65793,-110796.3159,4.736,25.7,-69997.64844,-110794.0469,129.1,18.7,-69998.85938,-110794.7109,129.1
17,25,686_3,Cp,13.5,-69996.97136,-110796.2823,4.754,12.2,-69997.97656,-110794.0547,129.1,11.1,-69999.125,-110794.6953,129.1
17,26,686_1,Cp,25.2,-69996.83938,-110796.1289,4.71,24.3,-69997.85156,-110793.7656,129.1,28.1,-69999.03906,-110794.6094,129.1
17,27,687_2,Cp,26.4,-69993.86914,-110794.8595,4.812,24.1,-69994.89844,-110792.4375,128.8,27.7,-69996.16406,-110792.9844,129.1
17,28,687_1,Cp,40.6,-69993.67488,-110795.322,4.81,33.5,-69994.66406,-110792.8359,129.2,32.8,-69995.92188,-110793.375,129.1
17,29,688_1,Cp,36.0,-69991.1152,-110792.8371,4.529,40.9,-69992.25,-110790.3828,128.9,39.6,-69993.55469,-110790.8203,128.8
17,30,688_3,Cp,20.3,-69991.17635,-110792.3433,4.455,24.2,-69992.32812,-110789.7891,128.8,19.8,-69993.66406,-110790.3047,128.8
17,31,661,Cp,25.1,-70001.41274,-110787.9181,3.916,24.8,-70002.92188,-110786.0078,128.4,22.7,-70003.99219,-110786.6719,128.4
17,32,654,Cp,30.2,-70008.5142,-110786.6041,3.896,29.5,-70009.95312,-110785.0938,128.1,25.8,-70011.07031,-110785.9766,128.4
17,33,656,Cp,24.0,-70009.09185,-110786.3387,3.887,28.4,-70010.14062,-110785.1016,128.1,20.5,-70011.5,-110785.7969,128.4
17,34,655,Cp,28.1,-70008.81674,-110786.8405,3.888,27.3,-70009.86719,-110785.2891,128.1,22.2,-70011.45312,-110786.3047,128.4
17,35,666,Cp,23.6,-70010.41353,-110789.7776,3.989,26.0,-70011.34375,-110788.5703,128.4,24.4,-70012.73438,-110789.3828,128.6
17,36,663,Cp,26.2,-70007.67961,-110789.0812,3.971,24.3,-70008.78906,-110787.625,128.4,24.6,-70010.19531,-110788.4844,128.4
17,37,1000,Cp,33.6,-70006.6902,-110791.5756,4.222,36.2,-70007.60156,-110790.0391,128.7,34.4,-70009.05469,-110790.8672,128.7
17,38,667,Cp,23.8,-70009.52327,-110792.4851,4.228,27.9,-70010.24219,-110791.1719,128.6,27.7,-70011.65625,-110792.0,128.6
18,1,657,Bp,14.5,-69987.53363,-110785.2253,4.002,13.3,-69987.22656,-110782.8203,128.2,15.7,-69986.28906,-110779.3438,127.8
18,2,668,Bp,11.8,-69988.14924,-110782.9837,3.734,14.9,-69987.75781,-110780.5547,128.2,13.0,-69986.75,-110777.0781,127.5
18,3,669,Bp,8.6,-69988.73922,-110780.7431,3.483,11.7,-69988.25,-110778.2188,127.8,9.8,-69987.20312,-110774.7031,127.1
18,4,670,Bp,8.6,-69986.21764,-110779.8871,3.464,10.5,-69985.72656,-110777.6328,127.8,7.9,-69984.70312,-110774.1563,127.1
18,5,93,Bp,25.0,-69984.73266,-110773.839,2.787,22.9,-69983.74219,-110771.7969,127.4,24.9,-69982.74219,-110768.5078,126.5
18,6,92,Bp,24.0,-69987.59423,-110774.2701,2.845,21.8,-69986.61719,-110772.0938,127.5,23.8,-69985.5625,-110768.7344,126.8
18,7,91,Bp,28.8,-69989.9341,-110775.614,3.009,28.0,-69989.01562,-110773.3984,127.5,28.6,-69987.97656,-110769.9531,126.8
18,8,100,Bp,17.4,-69990.64468,-110773.1288,2.819,18.4,-69989.58594,-110770.8281,127.2,18.1,-69988.49219,-110767.3438,126.5
18,9,99,Bp,21.0,-69987.85389,-110772.2506,2.72,21.8,-69986.65625,-110770.2109,127.1,21.6,-69985.66406,-110766.7734,126.5
18,10,101,Bp,24.7,-69990.95511,-110770.837,2.658,25.8,-69989.91406,-110768.3984,126.8,24.6,-69988.80469,-110764.9141,126.4
18,11,654,Cp,32.6,-69995.75473,-110772.2787,2.787,30.6,-69994.39062,-110769.7031,127.0,32.0,-69993.32812,-110766.0703,126.7
18,12,649,Cp,31.7,-69998.11877,-110772.8818,2.809,31.4,-69996.72656,-110770.1094,127.0,32.1,-69995.6875,-110766.4141,126.7
18,13,648,Cp,31.8,-70000.78001,-110773.3963,2.922,35.0,-69999.42969,-110770.5078,126.7,30.7,-69998.41406,-110766.7266,126.7
18,14,643,Cp,31.4,-70003.05628,-110774.3437,3.024,27.7,-70001.73438,-110771.3438,126.6,34.2,-70000.75,-110767.5391,126.6
18,15,641,Cp,22.4,-70004.78516,-110777.7246,3.23,17.3,-70003.59375,-110774.6094,127.0,18.8,-70002.6875,-110770.6953,127.0
18,16,644,Cp,21.2,-70002.53957,-110776.6239,3.113,18.0,-70001.39844,-110773.5859,126.9,21.5,-70000.45312,-110769.8594,126.9
18,17,647,Cp,28.6,-69999.93511,-110776.0758,3.133,27.0,-69998.8125,-110773.1484,127.0,27.7,-69997.86719,-110769.5781,127.0
18,18,650,Cp,27.3,-69997.58538,-110775.4553,3.0,33.6,-69996.35156,-110772.5547,127.0,26.5,-69995.41406,-110769.1953,127.0
18,19,653,Cp,35.8,-69995.2462,-110774.8067,2.913,37.0,-69994.0,-110772.0156,127.3,37.8,-69993.03906,-110768.8672,127.0
18,20,652,Cp,48.1,-69994.58216,-110777.1291,3.116,49.6,-69993.39844,-110774.3906,127.3,46.6,-69992.625,-110771.2578,127.0
18,21,651,Cp,40.1,-69996.99236,-110778.0615,3.271,36.7,-69995.98438,-110775.0859,127.3,36.6,-69995.1875,-110771.8438,127.0
18,22,646,Cp,35.9,-69999.46227,-110778.7015,3.259,36.6,-69998.40625,-110775.5391,127.2,34.4,-69997.64062,-110772.2266,127.3
18,23,645,Cp,30.3,-70001.75117,-110779.2612,3.329,29.0,-70000.73438,-110775.9609,127.2,28.8,-69999.95312,-110772.5703,127.2
18,24,640,Cp,22.5,-70004.17047,-110779.8947,3.362,18.3,-70003.15625,-110776.4219,127.0,19.1,-70002.28906,-110772.9453,127.2
18,25,630,Cp,38.6,-70005.15545,-110781.3565,3.355,32.4,-70004.19531,-110778.0156,127.3,37.2,-70003.46094,-110774.4297,127.3
18,26,629,Cp,33.7,-70005.94078,-110779.2473,3.237,30.8,-70004.8125,-110775.7969,127.0,38.0,-70004.03125,-110772.2109,127.3
18,27,631,Cp,20.2,-70007.1758,-110781.4886,3.383,25.1,-70006.14844,-110777.9531,127.0,18.9,-70005.46875,-110774.3125,127.3
18,28,637,Cp,29.0,-70007.96598,-110783.7867,3.624,31.1,-70007.02344,-110780.1641,127.3,29.6,-70006.4375,-110776.5234,127.5
18,29,638,Cp,37.1,-70006.52238,-110783.3731,3.56,33.1,-70005.41406,-110779.875,127.3,34.5,-70004.875,-110776.3047,127.5
18,30,639,Cp,42.4,-70004.66616,-110782.8707,3.505,45.7,-70003.67969,-110779.3672,127.3,38.9,-70003.10156,-110775.9297,127.5
18,31,660,Cp,20.5,-70002.56953,-110784.6373,3.629,21.4,-70001.73438,-110781.2031,127.5,20.7,-70001.25,-110777.8906,127.4
18,32,659_3,Cp,20.2,-69999.15024,-110783.4464,3.668,19.5,-69998.16406,-110780.1172,127.4,17.5,-69997.65625,-110777.0703,127.5
18,33,659_1,Cp,35.3,-69998.98449,-110783.9027,3.669,36.0,-69998.02344,-110780.5469,127.4,36.3,-69997.53906,-110777.5,127.5
18,34,659_2,Cp,26.0,-69999.03334,-110784.3491,3.714,27.8,-69998.15625,-110780.8438,127.4,26.9,-69997.53906,-110777.9531,127.5
18,35,658_1,Cp,34.0,-69998.2795,-110787.2876,3.924,37.6,-69997.61719,-110784.1172,127.7,34.6,-69997.34375,-110781.0391,127.7
18,36,658_2,Cp,37.2,-69997.97418,-110787.1126,3.918,39.0,-69997.3125,-110783.9297,127.6,37.9,-69997.03906,-110780.8906,127.7
18,37,657,Cp,43.5,-69994.97302,-110785.5845,3.825,42.6,-69994.28906,-110782.4688,127.7,44.4,-69993.89062,-110779.6641,127.8
19,1,883,Cp,28.2,-69983.97168,-110753.0113,1.54,28.7,-69983.57812,-110755.375,125.6,27.8,-69980.44531,-110752.3047,125.3
19,2,885,Cp,19.7,-69980.5567,-110755.0942,1.214,20.5,-69979.86719,-110756.9531,125.4,19.2,-69976.98438,-110754.2109,125.1
19,3,887,Cp,17.7,-69978.18906,-110759.9771,1.395,15.5,-69977.03906,-110761.6719,126.0,16.8,-69974.67969,-110759.0625,125.6
19,4,890,Cp,15.8,-69977.44015,-110761.3656,1.382,14.5,-69976.14844,-110762.9609,126.0,18.6,-69973.89844,-110760.4609,125.4
19,5,892,Cp,23.6,-69978.07196,-110764.0137,1.992,17.7,-69976.55469,-110765.5234,126.3,22.4,-69974.58594,-110762.9766,126.0
19,6,889,Cp,19.5,-69979.00487,-110762.512,1.86,18.6,-69977.5,-110764.1641,126.0,19.5,-69975.40625,-110761.5859,126.0
19,7,888,Cp,16.1,-69979.97874,-110760.8172,1.732,18.5,-69978.64844,-110762.5313,126.1,17.3,-69976.45312,-110759.9063,125.6
19,8,886,Cp,31.8,-69981.57173,-110757.6647,1.557,32.0,-69980.46094,-110759.5859,125.8,32.0,-69978.08594,-110756.8984,125.4
19,9,117_6,Bp,5.0,-69983.38506,-110759.6324,1.915,7.5,-69982.10156,-110761.7578,126.2,8.5,-69979.88281,-110758.9453,125.8
19,10,117_5,Bp,7.0,-69983.42662,-110759.3686,1.828,9.5,-69982.10156,-110761.7734,126.2,9.5,-69979.89844,-110758.9453,125.8
19,11,117_4,Bp,8.1,-69983.64546,-110759.4056,1.833,10.5,-69982.09375,-110761.3984,125.9,13.0,-69980.10938,-110758.6016,125.8
19,12,117_3,Bp,11.4,-69984.04062,-110759.6679,1.838,12.1,-69982.71875,-110761.8203,126.2,15.5,-69980.53125,-110758.9609,125.8
19,13,117_2,Bp,10.7,-69984.09433,-110759.7684,1.853,13.9,-69982.73438,-110761.7813,126.2,15.4,-69980.60156,-110758.9766,125.8
19,14,117_1,Bp,11.4,-69983.90759,-110760.093,1.829,12.4,-69982.50781,-110762.2031,126.2,12.5,-69980.35938,-110759.375,125.8
19,15,116_1,Bp,13.5,-69985.35105,-110760.0662,1.843,13.3,-69984.20312,-110762.3672,126.2,12.7,-69982.40625,-110759.8047,125.9
19,16,116_2,Bp,12.5,-69985.86523,-110760.4765,1.814,12.7,-69984.5,-110762.8047,126.2,14.3,-69982.08594,-110759.375,125.9
19,17,110,Bp,15.6,-69989.54966,-110761.5203,2.04,15.8,-69987.98438,-110764.0469,126.3,15.7,-69985.92969,-110760.8672,126.1
19,18,109,Bp,16.8,-69991.6312,-110762.0217,2.147,17.8,-69989.99219,-110764.6641,126.4,18.3,-69987.96875,-110761.4063,126.1
19,19,108,Bp,15.9,-69990.22618,-110763.2762,2.201,15.0,-69988.51562,-110765.8359,126.6,16.7,-69986.46875,-110762.7266,126.3
19,20,111,Bp,16.0,-69987.38149,-110762.5825,1.947,14.7,-69985.78125,-110764.8984,126.3,14.7,-69983.70312,-110761.9609,126.2
19,21,115,Bp,10.7,-69983.85828,-110761.2647,1.827,13.8,-69982.49219,-110763.2344,126.2,11.4,-69980.41406,-110760.6641,125.8
19,22,113_2,Bp,16.5,-69983.02644,-110763.2895,1.961,19.4,-69981.41406,-110764.9766,126.4,19.4,-69979.42188,-110762.4531,126.1
19,23,113_1,Bp,14.4,-69982.69089,-110763.7919,1.962,15.4,-69981.0625,-110765.5078,126.4,15.2,-69979.10156,-110762.9922,126.1
19,24,113_3,Bp,11.8,-69983.49356,-110763.836,2.077,13.3,-69981.84375,-110765.7188,126.5,14.0,-69979.90625,-110763.0938,126.1
19,25,112_2,Bp,14.4,-69984.86473,-110764.3984,1.992,13.9,-69983.11719,-110766.3281,126.5,13.5,-69981.20312,-110763.6172,126.1
19,26,112_1,Bp,14.5,-69984.91825,-110764.0711,1.978,16.7,-69983.25,-110766.0313,126.5,16.3,-69981.24219,-110763.6172,126.1
19,27,107,Bp,16.0,-69988.7748,-110764.8869,2.239,14.2,-69986.92188,-110767.2656,126.5,12.4,-69985.03906,-110764.3516,126.3
19,28,106,Bp,17.5,-69991.23254,-110764.9312,2.293,16.2,-69989.45312,-110767.5938,126.6,16.8,-69987.49219,-110764.5313,126.3
19,29,102_1,Bp,13.5,-69988.54262,-110769.5299,2.48,14.8,-69986.35156,-110771.7578,126.8,13.5,-69984.67969,-110768.9141,126.8
19,30,102_2,Bp,15.1,-69988.25669,-110769.6509,2.538,15.6,-69986.04688,-110771.8047,126.8,15.6,-69984.38281,-110768.9922,126.8
19,31,103_1,Bp,17.7,-69985.81545,-110768.8073,2.397,17.4,-69983.74219,-110770.7266,126.8,20.7,-69982.02344,-110768.0156,126.5
19,32,103_2,Bp,12.4,-69985.85821,-110769.034,2.443,12.9,-69983.67969,-110770.9922,126.8,12.6,-69982.00781,-110768.3203,126.5
19,33,104,Bp,16.2,-69983.56343,-110768.2821,2.315,21.5,-69981.46094,-110769.9766,126.8,20.4,-69979.74219,-110767.4766,126.4
19,34,105_2,Bp,19.6,-69981.20014,-110767.2547,2.198,19.5,-69979.25,-110768.6875,126.8,18.4,-69977.49219,-110766.375,126.3
19,35,105_1,Bp,18.7,-69981.2197,-110767.5845,2.276,20.0,-69979.27344,-110769.0313,126.8,20.5,-69977.5,-110766.7031,126.3
19,36,96,Bp,17.0,-69980.82527,-110769.9092,2.366,22.3,-69978.82812,-110771.2891,126.8,19.2,-69977.16406,-110768.9219,126.7
19,37,97,Bp,18.1,-69982.97832,-110771.0463,2.518,17.8,-69980.88281,-110772.6563,127.1,19.6,-69979.28125,-110770.2266,126.8
19,38,98_1,Bp,13.0,-69985.35443,-110771.5605,2.627,12.4,-69983.26562,-110773.3359,127.1,13.3,-69981.38281,-110770.8672,126.8
19,39,98_2,Bp,12.0,-69985.56786,-110771.4478,2.621,13.5,-69982.99219,-110773.4141,127.1,12.5,-69981.67969,-110770.7969,126.8
19,40,94,Bp,18.2,-69982.08654,-110773.3424,2.779,21.1,-69979.77344,-110774.7656,127.1,16.9,-69978.29688,-110772.3516,127.1
20,1,790,Nf,31.4,-69976.78435,-110733.4689,-0.247,32.8,-69975.85938,-110730.7578,124.2,29.9,-69975.23438,-110727.5859,123.8
20,2,789,Nf,34.9,-69977.88951,-110733.9183,-0.18,36.2,-69976.94531,-110731.2656,124.2,35.0,-69976.28906,-110728.1484,123.8
20,3,787,Nf,5.0,-69981.76371,-110731.9831,-0.266,7.9,-69980.86719,-110729.3438,123.8,6.1,-69980.28906,-110726.5469,123.1
20,4,788,Nf,6.6,-69982.98178,-110733.1614,-0.034,9.6,-69982.09375,-110730.4922,124.5,11.4,-69981.36719,-110727.7813,123.9
20,5,872,Cp,22.0,-69986.13515,-110739.9146,0.965,19.8,-69985.22656,-110737.1563,125.1,21.8,-69984.05469,-110734.7578,124.7
20,6,876,Cp,28.8,-69986.91294,-110742.0648,1.205,26.7,-69985.96875,-110739.2422,125.1,28.3,-69984.64062,-110736.8672,124.9
20,7,877,Cp,32.9,-69988.8254,-110743.3013,1.282,32.5,-69987.89062,-110740.4922,125.1,31.7,-69986.42188,-110738.2422,125.1
20,8,882,Cp,23.3,-69986.19378,-110747.962,1.419,20.3,-69985.38281,-110745.1094,125.4,21.6,-69983.52344,-110742.6641,124.9
20,9,881,Cp,23.7,-69983.84729,-110744.4738,1.106,22.2,-69983.01562,-110741.6719,124.9,23.4,-69981.42969,-110739.0625,124.8
20,10,878,Cp,17.8,-69981.33699,-110741.3517,0.445,21.0,-69980.55469,-110738.5313,124.5,17.8,-69979.21094,-110735.8672,124.4
20,11,875,Cp,8.6,-69980.69047,-110738.9004,0.072,8.0,-69979.92188,-110736.0313,124.4,9.6,-69978.67969,-110733.3438,124.3
20,12,874,Cp,10.5,-69978.88865,-110738.09,-0.074,10.6,-69978.21094,-110735.2344,124.4,14.7,-69977.03125,-110732.4141,124.2
20,13,879,Cp,27.7,-69979.68174,-110740.4482,0.272,25.6,-69978.89844,-110737.5938,124.5,27.1,-69977.58594,-110734.7969,124.1
20,14,793,Nf,37.0,-69969.3756,-110745.6991,0.18,35.7,-69968.83594,-110742.8672,124.3,37.9,-69967.04688,-110739.1328,124.2
21,1,743,Cp,23.8,-69992.72999,-110822.679,7.535,22.6,-69992.46875,-110824.1016,132.0,21.9,-69993.55469,-110821.9297,131.9
21,2,742,Cp,19.5,-69990.73848,-110822.2175,7.574,19.6,-69990.54688,-110823.3906,132.0,23.5,-69991.50781,-110821.4453,132.0
21,3,738,Cp,19.6,-69986.93774,-110821.1365,7.505,18.1,-69986.86719,-110821.8594,132.0,21.4,-69987.65625,-110820.3438,131.8
21,4,739,Cp,24.2,-69987.29612,-110824.1845,7.698,23.3,-69986.94531,-110824.9766,132.2,24.9,-69988.05469,-110823.4375,132.0
21,5,741,Cp,18.0,-69989.26751,-110824.7711,7.662,20.3,-69988.78906,-110825.7734,132.2,17.4,-69989.9375,-110824.0313,132.0
21,6,740,Cp,18.4,-69988.01926,-110827.3377,7.541,19.5,-69987.125,-110827.9063,132.4,20.3,-69988.5,-110826.3672,132.2
21,7,757,Cp,26.8,-69989.25036,-110832.3018,8.068,29.2,-69987.97656,-110833.1484,132.6,20.7,-69989.85156,-110831.5,132.7
21,8,744,Cp,35.5,-69991.71903,-110828.1892,7.839,34.6,-69990.75781,-110829.2969,132.5,31.8,-69992.375,-110827.5,132.2
21,9,745,Bp,62.6,-69996.3069,-110829.5604,7.971,59.9,-69995.14062,-110830.9219,132.5,61.4,-69996.92969,-110828.8125,132.4
21,10,753,Bp,13.9,-69998.83196,-110830.1778,7.685,15.6,-69997.60938,-110831.7891,132.7,15.4,-69999.47656,-110829.5625,132.4
21,11,754,Bp,7.2,-69998.8979,-110827.5372,7.462,7.9,-69997.92969,-110829.1641,132.4,9.2,-69999.66406,-110826.9141,132.1
21,12,746,Bp,52.2,-69997.8393,-110824.1513,7.478,48.6,-69997.09375,-110825.7734,132.1,45.2,-69998.64062,-110823.625,131.9
21,13,755,Bp,7.3,-70000.38534,-110824.9036,7.274,8.4,-69999.60938,-110826.7031,132.1,9.3,-70001.21094,-110824.3203,132.1
21,14,747_1,Bp,42.8,-70002.32271,-110825.4503,7.457,42.9,-70001.54688,-110827.4219,132.1,47.7,-70003.23438,-110824.9453,132.0
21,15,747_2,Bp,31.1,-70002.49754,-110825.9677,7.455,31.8,-70001.58594,-110827.8281,132.4,30.5,-70003.26562,-110825.3516,132.0
21,16,752,Bp,6.5,-70002.88895,-110828.5114,7.615,8.4,-70001.73438,-110830.5313,132.4,9.0,-70003.60938,-110828.0234,132.3
21,17,751,Bp,8.4,-70004.53101,-110829.0724,7.418,9.0,-70003.42188,-110831.1797,132.5,8.3,-70005.35938,-110828.5469,132.3
21,18,750,Bp,46.6,-70007.30298,-110827.0607,7.217,47.3,-70006.22656,-110829.2813,132.3,43.3,-70007.98438,-110826.5078,131.8
21,19,722,Cp,22.0,-70004.62178,-110821.3332,7.117,20.9,-70004.09375,-110823.5938,131.8,18.9,-70005.67188,-110821.0078,131.8
21,20,723,Cp,18.5,-70003.52872,-110821.1795,6.865,19.7,-70002.89844,-110823.1563,131.8,18.7,-70004.48438,-110820.6484,131.4
21,21,730,Cp,30.0,-69999.31896,-110819.6645,7.165,32.0,-69998.8125,-110821.4063,131.9,31.0,-70000.33594,-110819.0391,131.6
21,22,729,Cp,19.7,-70000.66598,-110817.6405,6.786,18.6,-70000.33594,-110819.5,131.6,18.6,-70001.76562,-110816.9922,131.3
21,23,724,Cp,25.5,-70001.92427,-110818.0993,6.801,27.0,-70001.52344,-110819.9609,131.6,27.0,-70002.96094,-110817.4609,131.6
21,24,727,Cp,16.5,-70001.47899,-110815.5744,6.604,16.5,-70001.3125,-110817.4766,131.6,20.6,-70002.6875,-110814.8984,131.3
21,25,728,Cp,33.2,-70000.28791,-110815.0855,6.616,40.5,-70000.11719,-110816.8281,131.3,35.5,-70001.47656,-110814.3672,131.3
21,26,732_2,Cp,56.3,-69995.65328,-110813.2992,6.862,61.5,-69995.61719,-110814.9297,131.5,58.8,-69996.92188,-110812.5625,131.2
21,27,732_1,Cp,33.9,-69995.74299,-110813.8154,6.857,30.6,-69995.71875,-110815.4375,131.5,34.3,-69997.03125,-110813.0078,131.2
21,28,733,Cp,13.7,-69993.1489,-110815.4224,7.039,12.0,-69992.99219,-110816.8047,131.5,14.5,-69994.24219,-110814.5156,131.5
21,29,731,Cp,33.6,-69993.91478,-110818.5711,7.232,34.2,-69993.74219,-110820.0547,131.8,35.6,-69994.96875,-110817.7109,131.8
21,30,734,Cp,63.4,-69989.13811,-110817.0896,7.422,63.7,-69989.3125,-110818.2109,131.8,64.9,-69990.28125,-110815.9063,131.6
22,1,688_2,Cp,47.8,-69990.59758,-110792.6527,4.859,47.5,-69985.48438,-110794.125,127.9,46.3,-69987.25781,-110794.4141,129.3
22,2,689_2,Cp,21.0,-69988.32106,-110801.1028,5.567,21.4,-69982.34375,-110802.3516,127.2,24.2,-69984.89062,-110802.6953,130.1
22,3,689_1,Cp,22.8,-69988.28117,-110801.3428,5.657,24.3,-69982.30469,-110802.4766,127.5,24.1,-69984.82031,-110802.8438,130.1
22,4,691,Cp,24.6,-69992.6696,-110802.654,5.7,21.7,-69986.59375,-110804.1641,126.4,21.2,-69989.21094,-110804.25,130.6
22,5,694,Cp,28.6,-69995.56652,-110803.1087,5.87,27.6,-69989.19531,-110804.9531,126.4,26.4,-69991.86719,-110804.8594,130.6
22,6,696,Cp,20.2,-69996.9193,-110806.3679,5.932,18.9,-69990.64062,-110808.0469,125.6,18.8,-69993.46094,-110807.9219,130.9
22,7,693,Cp,14.2,-69993.82313,-110805.5682,5.971,17.2,-69987.78906,-110807.0391,126.4,14.4,-69990.39844,-110807.1406,130.9
22,8,692,Cp,24.0,-69992.21803,-110805.1041,6.023,22.7,-69986.17188,-110806.4375,126.4,27.6,-69988.76562,-110806.6797,130.6
22,9,690,Cp,17.2,-69990.72705,-110804.6681,5.938,21.1,-69984.72656,-110805.8906,126.8,18.8,-69987.34375,-110806.2734,130.6
22,10,735,Cp,69.9,-69990.08478,-110812.07,6.824,68.7,-69983.58594,-110813.2422,126.0,73.1,-69986.78125,-110813.7969,131.5
22,11,737,Cp,59.2,-69984.69794,-110815.5813,7.217,57.7,-69978.00781,-110816.1094,126.4,58.8,-69981.28125,-110817.1953,131.5
22,12,736,Cp,69.5,-69985.4158,-110810.2478,6.759,68.9,-69979.25781,-110810.9297,126.4,68.8,-69982.07812,-110811.9922,131.1
22,13,42,Bp,30.7,-69983.51603,-110799.5114,5.649,29.3,-69978.58594,-110799.8594,127.8,28.0,-69980.35156,-110800.7656,130.0
22,14,43,Bp,26.1,-69981.62377,-110802.0051,5.838,23.3,-69976.59375,-110802.0391,127.8,23.6,-69978.57031,-110803.0391,130.0
22,15,49_2,Bp,28.9,-69973.25,-110801.5384,5.276,25.3,-69968.25,-110800.9766,128.2,28.8,-69970.07812,-110802.6953,129.3
23,1,48_1,Bp,31.9,-69974.59466,-110799.2336,5.167,32.4,-69975.57812,-110783.6953,128.0,28.6,-69971.38281,-110796.1719,129.0
23,2,48_2,Bp,16.8,-69975.02816,-110799.4825,5.205,15.4,-69975.69531,-110784.1641,128.0,17.2,-69971.78125,-110796.4531,129.0
23,3,45,Bp,39.0,-69978.66341,-110798.186,5.295,37.8,-69979.23438,-110785.6875,128.1,38.3,-69975.34375,-110795.0391,129.2
23,4,46,Bp,30.7,-69976.51318,-110797.3752,5.047,29.6,-69978.24219,-110783.5938,128.0,33.2,-69973.21875,-110794.2422,129.0
23,5,47,Bp,48.3,-69974.12818,-110796.6308,4.814,48.0,-69976.875,-110781.4844,127.7,52.8,-69970.83594,-110793.7266,128.6
23,6,50,Bp,32.1,-69974.81994,-110791.7279,4.565,30.5,-69980.78906,-110778.2422,127.5,35.3,-69971.44531,-110788.6875,128.1
23,7,59,Bp,14.7,-69977.19246,-110792.1902,4.648,14.0,-69982.11719,-110780.2656,127.8,11.4,-69973.75,-110789.2109,128.1
23,8,58,Bp,7.5,-69978.08585,-110792.5786,4.672,10.4,-69982.59375,-110781.1875,127.8,12.1,-69974.75,-110789.5625,128.6
23,9,51,Bp,15.2,-69979.61373,-110793.5996,4.903,16.8,-69982.80469,-110783.0156,128.2,15.9,-69976.20312,-110790.6719,128.8
23,10,57,Bp,5.3,-69981.01984,-110793.4957,4.873,7.4,-69984.01562,-110783.7656,128.2,8.3,-69977.58594,-110790.3984,128.8
23,11,56,Bp,7.1,-69982.00634,-110793.943,4.925,7.8,-69984.47656,-110784.7734,128.2,7.1,-69978.58594,-110790.7656,128.9
23,12,55,Bp,5.6,-69982.83085,-110794.1444,4.947,6.8,-69984.96094,-110785.4922,128.2,6.7,-69979.40625,-110790.9375,128.9
23,13,54,Bp,9.7,-69983.805,-110794.5157,5.035,8.3,-69985.38281,-110786.3828,128.5,9.5,-69980.35938,-110791.2734,128.9
23,14,52,Bp,23.5,-69983.18942,-110791.8446,4.762,25.5,-69986.71875,-110784.0234,128.1,22.4,-69979.69531,-110788.6953,128.5
23,15,61,Bp,5.0,-69980.52857,-110790.9976,4.553,7.9,-69985.35938,-110781.5938,127.8,5.2,-69977.09375,-110787.9063,128.4
23,16,60,Bp,5.6,-69979.61621,-110790.2088,4.421,7.1,-69985.13281,-110780.3984,127.8,6.2,-69976.16406,-110787.2109,128.4
23,17,67,Bp,14.0,-69978.46561,-110787.6706,4.193,13.9,-69986.0,-110777.7891,127.5,12.7,-69974.96094,-110784.7031,128.0
23,18,66,Bp,15.2,-69979.54218,-110787.9889,4.253,13.6,-69986.58594,-110778.7266,127.5,16.1,-69976.05469,-110784.9375,128.0
23,19,65,Bp,16.9,-69980.21682,-110788.3963,4.339,20.3,-69986.92188,-110779.4453,127.8,15.7,-69976.76562,-110785.2891,128.0
23,20,64,Bp,14.0,-69981.34411,-110788.5363,4.424,13.9,-69987.59375,-110780.3594,127.8,17.4,-69977.95312,-110785.375,128.0
23,21,63,Bp,15.1,-69983.36095,-110789.3105,4.484,14.8,-69988.69531,-110782.2344,127.8,16.3,-69980.0,-110785.9688,128.1
23,22,62,Bp,17.7,-69984.41383,-110789.3017,4.503,16.7,-69989.23438,-110782.9219,128.1,23.1,-69980.96875,-110786.0156,128.1
23,23,658,Bp,11.2,-69985.08629,-110784.481,3.925,10.5,-69992.98438,-110779.8125,127.8,11.9,-69981.35156,-110781.25,127.8
23,24,659,Bp,9.0,-69982.5112,-110783.552,3.835,9.9,-69991.76562,-110777.4453,127.5,9.6,-69978.84375,-110780.4219,127.8
23,25,660,Bp,11.3,-69979.99944,-110782.9328,3.689,11.5,-69990.34375,-110775.3125,127.2,12.2,-69976.32031,-110779.9297,127.7
23,26,661,Bp,9.0,-69977.91759,-110782.4292,3.549,10.8,-69989.02344,-110773.5078,127.2,10.9,-69974.14844,-110779.5938,127.5
23,27,663,Bp,17.7,-69974.35415,-110781.1209,3.192,18.5,-69987.28906,-110770.1875,126.8,14.5,-69970.61719,-110778.4609,126.8
23,28,662,Bp,15.5,-69974.59807,-110780.821,3.185,17.1,-69987.5625,-110770.1641,126.8,15.0,-69970.78906,-110778.2266,126.8
23,29,664,Bp,12.1,-69978.31583,-110779.9431,3.352,12.0,-69990.96875,-110771.9688,126.9,15.7,-69974.48438,-110777.0,127.2
23,30,665,Bp,8.3,-69980.42994,-110780.5294,3.434,9.3,-69992.15625,-110773.8359,127.2,14.5,-69976.8125,-110777.4766,127.4
23,31,666,Bp,7.3,-69980.67318,-110780.4785,3.437,9.9,-69992.29688,-110773.9922,127.3,8.3,-69976.86719,-110777.4922,127.4
23,32,667,Bp,9.9,-69983.24649,-110781.3752,3.557,10.5,-69993.57812,-110776.3906,127.6,11.3,-69979.46094,-110778.2109,127.5
23,33,671,Bp,10.1,-69983.46939,-110779.2112,3.314,11.6,-69995.1875,-110774.8828,127.3,11.6,-69979.51562,-110776.0469,127.5
23,34,672,Bp,9.0,-69981.19675,-110778.6221,3.24,9.6,-69993.92188,-110772.9688,127.3,10.9,-69977.3125,-110775.5938,127.0
23,35,673,Bp,8.3,-69981.24208,-110778.3659,3.226,7.9,-69994.08594,-110772.8594,127.3,10.6,-69977.35156,-110775.375,127.0
23,36,674,Bp,12.0,-69978.92855,-110777.4756,3.063,13.1,-69992.96875,-110770.625,127.0,15.8,-69975.0,-110774.5859,127.0
23,37,913,Cp,36.0,-69968.31088,-110783.0765,3.006,34.8,-69981.39062,-110767.9375,126.4,36.5,-69965.00781,-110780.4688,126.8
23,38,919,Cp,27.4,-69967.21815,-110784.6604,2.909,27.6,-69979.51562,-110768.3828,126.4,27.3,-69963.94531,-110782.0859,126.4
23,39,918,Cp,15.1,-69965.81856,-110784.2415,2.783,18.8,-69978.71094,-110767.0078,126.4,17.8,-69962.46875,-110781.6328,126.4
24,1,836,Nf,43.1,-69957.1232,-110764.4919,0.513,41.0,-69957.95312,-110765.0469,124.5,42.2,-69954.0535254062,-110762.198207638,124.8
24,2,837,Nf,5.5,-69958.44687,-110766.3269,0.264,7.4,-69959.20312,-110766.9766,124.6,8.4,-69954.915937822,-110764.3659033,125.1
24,3,903,Cp,14.9,-69965.28248,-110773.1672,1.528,14.4,-69965.76562,-110773.7109,126.0,14.4,-69960.0648465469,-110772.261704568,125.3
24,4,675,Cp,17.9,-69964.15723,-110774.9694,1.87,17.5,-69964.82031,-110775.4609,126.0,19.0,-69958.8050921705,-110773.827324224,125.3
24,5,909,Cp,20.3,-69965.07089,-110777.6461,2.057,21.0,-69965.65625,-110777.9453,126.4,19.2,-69959.1362066585,-110776.42592754,125.4
24,6,677,Cp,39.7,-69963.45763,-110780.7242,2.258,38.5,-69964.04688,-110781.0469,126.8,38.6,-69957.015339875,-110779.116584016,125.4
24,7,912,Cp,6.3,-69967.19192,-110780.379,2.637,6.5,-69967.83594,-110780.7109,127.2,7.0,-69960.7715260097,-110779.590934642,125.5
24,8,907,Cp,10.6,-69968.62762,-110777.8642,2.528,10.0,-69969.17969,-110778.2656,126.8,11.8,-69962.6827953004,-110777.460478574,125.5
24,9,908,Cp,14.3,-69970.46935,-110778.35,2.709,16.7,-69971.10938,-110778.6797,127.2,16.5,-69964.4261262009,-110778.281939537,125.5
24,10,900,Cp,36.4,-69971.53008,-110776.3793,2.759,33.3,-69971.95312,-110776.7969,127.2,37.0,-69965.7234,-110776.611,125.5
24,11,901,Cp,33.9,-69969.81441,-110775.8673,2.409,30.6,-69970.1875,-110776.2969,126.8,32.6,-69964.1124335895,-110775.766038001,125.5
24,12,902,Cp,15.4,-69968.40767,-110775.0193,2.108,16.4,-69968.63281,-110775.4844,126.4,17.8,-69962.7962810484,-110774.586522811,125.5
24,13,899,Cp,12.4,-69970.33141,-110770.4311,1.726,13.7,-69970.4375,-110770.9844,126.0,12.8,-69965.6007489684,-110770.706453388,125.6
24,14,898,Cp,27.3,-69973.29443,-110769.5487,2.181,30.5,-69973.40625,-110769.9219,126.4,26.7,-69968.6738974751,-110770.326220575,125.6
24,15,897,Cp,30.7,-69974.81015,-110770.5243,2.435,28.9,-69975.0,-110770.8906,126.7,31.8,-69970.0846422194,-110771.565473102,125.6
24,16,95,Bp,24.7,-69980.05419,-110772.3327,2.682,22.3,-69980.15625,-110772.5156,127.1,25.9,-69974.8585543736,-110774.261075697,126.1
24,17,896,Cp,31.3,-69976.80896,-110767.2618,2.21,31.2,-69976.77344,-110767.5391,126.3,29.0,-69972.70101905,-110768.714958566,125.7
24,18,893,Cp,21.8,-69977.40182,-110765.6474,2.006,22.6,-69977.26562,-110765.9531,126.3,24.1,-69973.5147474066,-110767.292151855,125.7
24,19,894,Cp,23.3,-69975.56122,-110764.7985,1.771,24.2,-69975.41406,-110765.1797,126.0,20.0,-69971.9282928989,-110766.154181466,125.7
24,20,895,Cp,22.5,-69971.70411,-110764.5974,1.472,21.9,-69971.54688,-110765.0938,125.7,22.2,-69968.243706741,-110765.126558496,125.6
24,21,791,Nf,6.1,-69970.58827,-110758.9074,0.734,8.8,-69970.40625,-110759.4531,125.1,8.5,-69968.3720474006,-110759.457015125,125.6
25,1,834,Nf,5.6,-69956.6459,-110763.3251,0.401,6.7,-69956.85156,-110760.3906,124.4,6.8,-69958.3186195175,-110764.045892135,124.4
25,2,835,Nf,17.1,-69956.88681,-110763.7001,0.462,16.3,-69957.17969,-110760.7266,124.3,19.0,-69958.6217959139,-110764.376111753,124.4
25,3,833,Nf,34.2,-69956.14522,-110764.2851,0.522,34.9,-69956.4375,-110761.3047,124.4,34.8,-69957.8695880268,-110764.957134975,124.4
25,4,832,Nf,13.5,-69955.78862,-110763.4052,0.446,14.7,-69956.00781,-110760.4688,124.4,11.9,-69957.4781926815,-110764.112058819,124.4
25,5,831,Nf,12.0,-69955.13727,-110761.7656,0.405,13.4,-69955.42969,-110758.8203,124.4,11.6,-69956.8266865587,-110762.491586266,124.4
25,6,829,Nf,5.3,-69956.48532,-110759.0881,0.211,7.2,-69956.72656,-110756.2891,124.3,8.4,-69958.0436987678,-110759.852468853,124.4
25,7,830,Nf,32.2,-69958.17544,-110760.4511,0.491,29.3,-69958.48438,-110757.7266,124.3,32.0,-69959.8684710534,-110761.190882003,124.4
25,8,828,Nf,5.0,-69959.20839,-110759.2537,0.155,8.0,-69959.45312,-110756.3594,124.3,8.2,-69960.7895634045,-110759.801047073,124.4
25,9,827,Nf,27.5,-69959.84413,-110760.3673,0.288,25.9,-69960.125,-110757.5,124.3,25.1,-69961.4990661103,-110760.888565622,124.4
25,10,826,Nf,34.2,-69960.67293,-110760.2871,0.315,34.3,-69960.96094,-110757.4453,124.3,34.3,-69962.3319389826,-110760.801580387,124.4
25,11,825,Nf,35.2,-69961.94862,-110759.8001,0.28,35.6,-69962.21094,-110756.9688,124.3,36.7,-69963.5542906111,-110760.283983082,124.4
25,12,824,Nf,17.8,-69962.29026,-110758.8825,0.199,17.6,-69962.46094,-110756.0469,124.3,18.0,-69963.7867157797,-110759.375458207,124.4
25,13,818,Nf,17.5,-69962.46632,-110757.1949,0.213,16.3,-69962.67188,-110754.3906,124.3,16.1,-69963.940774218,-110757.689718626,124.4
25,14,819,Nf,16.3,-69961.85555,-110757.3551,0.28,14.5,-69962.08594,-110754.5313,124.3,17.0,-69963.35059943,-110757.829103537,124.4
25,15,820,Nf,8.1,-69960.98421,-110756.914,0.212,7.6,-69961.19531,-110754.1016,124.3,9.2,-69962.429456419,-110757.401318719,124.5
25,16,821,Nf,20.0,-69959.87134,-110756.65,0.175,23.2,-69960.08594,-110753.8594,124.3,18.9,-69961.3440345232,-110757.215996383,124.5
25,17,822,Nf,14.8,-69959.92269,-110757.1828,0.216,11.0,-69960.17188,-110754.4297,124.3,15.3,-69961.4153560654,-110757.748695671,124.5
25,18,823,Nf,7.3,-69960.37269,-110757.7362,0.087,9.4,-69960.55469,-110754.9922,124.3,9.0,-69961.7910847973,-110758.293652014,124.5
25,19,814,Nf,5.6,-69957.50541,-110754.6203,0.076,7.7,-69957.61719,-110751.9766,124.3,8.7,-69958.8625944653,-110755.288378397,124.5
25,20,813,Nf,5.9,-69955.07068,-110754.045,0.065,8.4,-69955.17188,-110751.4922,124.3,9.8,-69956.400760417,-110754.765285513,124.5
25,21,811,Nf,7.9,-69951.36394,-110751.5381,0.075,8.3,-69951.5,-110749.0703,124.1,8.4,-69952.7347507646,-110752.365056767,124.5
25,22,810,Nf,13.8,-69953.8328,-110749.9891,0.071,13.1,-69953.86719,-110747.5156,124.1,12.5,-69955.1153092025,-110750.80027527,124.6
25,23,809,Nf,19.1,-69954.30331,-110747.7894,0.089,20.8,-69954.30469,-110745.125,124.1,19.1,-69955.515912341,-110748.453811604,124.6
25,24,808,Nf,9.7,-69955.61577,-110747.9972,-0.04,9.4,-69955.58594,-110745.3672,124.1,12.2,-69956.7693308183,-110748.648351917,124.6
25,25,812,Nf,7.3,-69957.46995,-110750.9072,0.026,6.0,-69957.42969,-110748.3906,124.3,9.4,-69958.7703485148,-110751.610456594,124.6
25,26,815,Nf,14.0,-69961.06004,-110752.2772,0.059,13.0,-69960.96094,-110749.6797,124.2,11.9,-69962.3180225402,-110752.81875333,124.6
25,27,816,Nf,11.0,-69961.9945,-110752.4439,0.038,10.5,-69961.91406,-110749.8438,124.2,10.3,-69963.2905862173,-110752.968863757,124.6
25,28,804,Nf,14.6,-69960.4235,-110748.5956,0.052,15.9,-69960.21094,-110745.9922,124.1,16.2,-69961.5736133534,-110749.191117701,124.6
25,29,805,Nf,24.6,-69960.05625,-110748.2413,0.01,26.0,-69959.8125,-110745.6094,124.1,25.0,-69961.1849291697,-110748.803877269,124.6
25,30,807,Nf,14.6,-69957.95191,-110745.6873,0.067,14.7,-69957.71094,-110743.0234,124.0,14.8,-69959.1034351368,-110746.200554345,124.6
25,31,802,Nf,6.8,-69963.44421,-110751.5668,-0.021,7.2,-69963.15625,-110748.9063,124.2,8.1,-69964.7597709587,-110751.919787934,124.7
25,32,801,Nf,10.9,-69964.17625,-110752.4172,0.072,7.3,-69963.90625,-110749.75,124.2,11.1,-69965.4376507456,-110752.760087355,124.6
25,33,800,Nf,16.9,-69965.45375,-110751.8717,0.118,16.3,-69965.20312,-110749.2656,124.4,17.7,-69966.7190320888,-110752.226682862,124.6
25,34,799,Nf,43.2,-69965.14698,-110750.6379,0.213,40.3,-69964.78906,-110748.0156,124.4,40.8,-69966.3127070587,-110750.987117867,124.6
25,35,795,Nf,6.3,-69967.725,-110748.1435,0.146,8.8,-69967.36719,-110745.5313,124.2,7.3,-69968.7981017597,-110748.454668633,124.8
25,36,796,Nf,42.8,-69967.13173,-110747.7265,0.183,40.3,-69966.77344,-110745.0781,124.2,43.6,-69968.2049695175,-110748.006881555,124.8
25,37,798,Nf,21.1,-69966.48547,-110746.791,0.017,17.5,-69966.14844,-110744.2109,124.1,19.1,-69967.5506,-110747.1345,124.7
25,38,797,Nf,7.8,-69967.0179,-110746.5156,-0.008,10.6,-69966.66406,-110743.8359,124.1,12.0,-69968.0709530329,-110746.755956448,124.8
25,39,794,Nf,20.8,-69967.7667,-110747.3696,0.071,20.2,-69967.42188,-110744.6875,124.2,20.5,-69968.8219872407,-110747.587118544,124.8
